Image,Mask,diagnostics_Configuration_Settings,diagnostics_Configuration_EnabledImageTypes,diagnostics_Image-original_Dimensionality,diagnostics_Image-original_Size,diagnostics_Image-original_Mean,diagnostics_Image-original_Minimum,diagnostics_Image-original_Maximum,diagnostics_Mask-original_Hash,diagnostics_Mask-original_VoxelNum,original_firstorder_Kurtosis,original_firstorder_Maximum,original_firstorder_Mean,original_firstorder_Median,original_firstorder_Minimum,original_firstorder_Skewness,original_firstorder_Variance,original_glcm_Contrast,original_glcm_Correlation,original_glcm_Idm,original_glcm_JointEnergy,original_glcm_JointEntropy
/home/ale/Desktop/Datos procesados/4/Segment 4 in/4in.nrrd,/home/ale/Desktop/Datos procesados/4/Segment 4 in/4LabelMapVolume_1in.nrrd,"{'normalize': False, 'normalizeScale': 1, 'interpolator': 'sitkBSpline', 'additionalInfo': True}",{'Original': {}},3D,"(512, 512, 1)",171.883960723877,0,1273,fb86d65d605d6106f2a4eb28589489122cfaf431,993,7.76938419987175,303,75.7049345417926,64,21,1.92090883186693,2380.07909951737,0.716399225496305,0.904183506606623,0.769034008857225,0.12381157141598,3.99826900647427
/home/ale/Desktop/Datos procesados/4/Segment 4 in/4in.nrrd,/home/ale/Desktop/Datos procesados/4/Segment 4 in/4LabelMapVolume_2in.nrrd,"{'normalize': False, 'normalizeScale': 1, 'interpolator': 'sitkBSpline', 'additionalInfo': True}",{'Original': {}},3D,"(512, 512, 1)",171.883960723877,0,1273,fea04e5347b1c4434c51f683eeb207040d3c5c5d,992,2.09127620835415,244,192.127016129032,192,146,0.020274854363077,468.30039916103,0.255350740734545,0.840160772041852,0.872644118450619,0.184735281555658,2.82657658689521
/home/ale/Desktop/Datos procesados/4/Segment 4 in/4in.nrrd,/home/ale/Desktop/Datos procesados/4/Segment 4 in/4LabelMapVolume_3in.nrrd,"{'normalize': False, 'normalizeScale': 1, 'interpolator': 'sitkBSpline', 'additionalInfo': True}",{'Original': {}},3D,"(512, 512, 1)",171.883960723877,0,1273,778c647e7ab72697e3283ce495806287226aa845,990,3.32171827132001,263,199.311111111111,199,147,0.180676965220614,341.731492704826,0.319713570917431,0.741969340254952,0.842064239087709,0.204694938119245,2.80740574793689
/home/ale/Desktop/Datos procesados/4/Segment 4 in/4in.nrrd,/home/ale/Desktop/Datos procesados/4/Segment 4 in/4LabelMapVolume_4in.nrrd,"{'normalize': False, 'normalizeScale': 1, 'interpolator': 'sitkBSpline', 'additionalInfo': True}",{'Original': {}},3D,"(512, 512, 1)",171.883960723877,0,1273,f4c985b9324662927777cd87570038bb7beef77f,991,2.715398787724,225,181.289606458123,181,135,-0.091913864928093,285.406541822925,0.291756892119024,0.723278607851787,0.85444104275838,0.232974709611711,2.6185520501878
/home/ale/Desktop/Datos procesados/4/Segment 4 in/4in.nrrd,/home/ale/Desktop/Datos procesados/4/Segment 4 in/4LabelMapVolume_5in.nrrd,"{'normalize': False, 'normalizeScale': 1, 'interpolator': 'sitkBSpline', 'additionalInfo': True}",{'Original': {}},3D,"(512, 512, 1)",171.883960723877,0,1273,9680b3e7598d9438ff9305cef8f45f0a3f7d4f82,990,4.8543023428852,247,117.012121212121,110,69,1.38444964692202,1075.17965105601,0.500189002751811,0.859511301409452,0.791983939450551,0.140786709052944,3.55480257348259
/home/ale/Desktop/Datos procesados/4/Segment 4 in/4in.nrrd,/home/ale/Desktop/Datos procesados/4/Segment 4 in/4LabelMapVolume_6in.nrrd,"{'normalize': False, 'normalizeScale': 1, 'interpolator': 'sitkBSpline', 'additionalInfo': True}",{'Original': {}},3D,"(512, 512, 1)",171.883960723877,0,1273,75a16f32a54348389b89fab8a59424f32299d7e4,988,4.16429081792436,423,316.785425101215,317,150,-0.437651908897055,1427.81225720795,0.814928156264675,0.811835915627076,0.721656417065652,0.073328287348856,4.32078996529965
/home/ale/Desktop/Datos procesados/4/Segment 4 in/4in.nrrd,/home/ale/Desktop/Datos procesados/4/Segment 4 in/4LabelMapVolume_7in.nrrd,"{'normalize': False, 'normalizeScale': 1, 'interpolator': 'sitkBSpline', 'additionalInfo': True}",{'Original': {}},3D,"(512, 512, 1)",171.883960723877,0,1273,e1e09ff4dd0bbbb32880b8bc55e3afd4670f306a,992,3.28444038755055,143,100.957661290323,100,59,0.280220295009488,175.355062272373,0.218802246434297,0.710032307625948,0.890598876782852,0.292283359169856,2.17956794815933
/home/ale/Desktop/Datos procesados/4/Segment 4 in/4in.nrrd,/home/ale/Desktop/Datos procesados/4/Segment 4 in/4LabelMapVolume_8in.nrrd,"{'normalize': False, 'normalizeScale': 1, 'interpolator': 'sitkBSpline', 'additionalInfo': True}",{'Original': {}},3D,"(512, 512, 1)",171.883960723877,0,1273,a2940c219d290266f7423a7fcac86893264ac984,991,6.75674776190124,260,144.342078708375,142,99,1.40376571533011,571.960681450919,0.338266951114415,0.818653820134244,0.8394636151522,0.184115692464638,2.97470569503462
/home/ale/Desktop/Datos procesados/4/Segment 4 in/4in.nrrd,/home/ale/Desktop/Datos procesados/4/Segment 4 in/4LabelMapVolume_all_in.nrrd,"{'normalize': False, 'normalizeScale': 1, 'interpolator': 'sitkBSpline', 'additionalInfo': True}",{'Original': {}},3D,"(512, 512, 1)",171.883960723877,0,1273,cdf98ec13a6ba9ab94ac9150144f59a981136b74,30151,3.71035034977148,519,175.803787602401,164,18,0.891099062520545,7316.09768191621,0.619913917901212,0.973606933988754,0.794237436511424,0.044621902783053,5.21032882405126
