Image,Mask,diagnostics_Configuration_Settings,diagnostics_Configuration_EnabledImageTypes,diagnostics_Image-original_Dimensionality,diagnostics_Image-original_Size,diagnostics_Image-original_Mean,diagnostics_Image-original_Minimum,diagnostics_Image-original_Maximum,diagnostics_Mask-original_Hash,diagnostics_Mask-original_VoxelNum,original_firstorder_Kurtosis,original_firstorder_Maximum,original_firstorder_Mean,original_firstorder_Median,original_firstorder_Minimum,original_firstorder_Skewness,original_firstorder_Variance,original_glcm_Contrast,original_glcm_Correlation,original_glcm_Idm,original_glcm_JointEnergy,original_glcm_JointEntropy
/home/ale/Desktop/Datos procesados/5/Segment 5 in/5in.nrrd,/home/ale/Desktop/Datos procesados/5/Segment 5 in/5LabelMapVolume_1in.nrrd,"{'normalize': False, 'normalizeScale': 1, 'interpolator': 'sitkBSpline', 'additionalInfo': True}",{'Original': {}},3D,"(512, 512, 1)",172.991191864014,0,1678,24f2417e812150dfbcdce8786943303134b4078e,991,3.71206654329515,402,305.503531786075,307,146,-0.574027157430762,1694.42153142154,0.462476981624914,0.91784380366309,0.803782910754817,0.086511301615014,4.1149486388671
/home/ale/Desktop/Datos procesados/5/Segment 5 in/5in.nrrd,/home/ale/Desktop/Datos procesados/5/Segment 5 in/5LabelMapVolume_2in.nrrd,"{'normalize': False, 'normalizeScale': 1, 'interpolator': 'sitkBSpline', 'additionalInfo': True}",{'Original': {}},3D,"(512, 512, 1)",172.991191864014,0,1678,eec844724d16e8764cd1f4c6487010de7cb454c0,990,3.04482938579759,346,288.614141414141,288,222,-0.383174152025929,523.843032343638,0.325244711986375,0.819820233056263,0.846957424612106,0.184329874352931,3.06363545775874
/home/ale/Desktop/Datos procesados/5/Segment 5 in/5in.nrrd,/home/ale/Desktop/Datos procesados/5/Segment 5 in/5LabelMapVolume_3in.nrrd,"{'normalize': False, 'normalizeScale': 1, 'interpolator': 'sitkBSpline', 'additionalInfo': True}",{'Original': {}},3D,"(512, 512, 1)",172.991191864014,0,1678,59e44403501989bd86f1246701c7ec02d7ff3efd,990,2.2871849292935,284,212.174747474747,217,106,-0.478680788198348,1745.6128976635,0.44508897381773,0.924566955585532,0.798815059235295,0.080387909874781,4.05367549542214
/home/ale/Desktop/Datos procesados/5/Segment 5 in/5in.nrrd,/home/ale/Desktop/Datos procesados/5/Segment 5 in/5LabelMapVolume_4in.nrrd,"{'normalize': False, 'normalizeScale': 1, 'interpolator': 'sitkBSpline', 'additionalInfo': True}",{'Original': {}},3D,"(512, 512, 1)",172.991191864014,0,1678,26569588415540e0270b6d1276d0b8eff8b60cde,996,4.54835634198672,398,312.04016064257,321,142,-1.14411560507431,1808.62288511476,0.566283094640876,0.906804420660558,0.780256040000266,0.097029563422775,4.14460655845163
/home/ale/Desktop/Datos procesados/5/Segment 5 in/5in.nrrd,/home/ale/Desktop/Datos procesados/5/Segment 5 in/5LabelMapVolume_5in.nrrd,"{'normalize': False, 'normalizeScale': 1, 'interpolator': 'sitkBSpline', 'additionalInfo': True}",{'Original': {}},3D,"(512, 512, 1)",172.991191864014,0,1678,7b81e3b51846a2de6987e0f2ab25003ec2c657fb,992,2.50762585481314,375,289.670362903226,296,196,-0.363056345369978,1405.92460551346,0.530166240614575,0.880043065933843,0.776620569057817,0.084489882074241,4.03745626765515
/home/ale/Desktop/Datos procesados/5/Segment 5 in/5in.nrrd,/home/ale/Desktop/Datos procesados/5/Segment 5 in/5LabelMapVolume_6in.nrrd,"{'normalize': False, 'normalizeScale': 1, 'interpolator': 'sitkBSpline', 'additionalInfo': True}",{'Original': {}},3D,"(512, 512, 1)",172.991191864014,0,1678,a84e858d13fef6b07fe0ae0fecedf7d4ed93a7e5,992,2.73205477655629,295,205.487903225806,215,94,-0.607952688281008,1420.11275689386,0.478724163502445,0.899301825818533,0.801712805758605,0.108854833163676,3.89357751305087
/home/ale/Desktop/Datos procesados/5/Segment 5 in/5in.nrrd,/home/ale/Desktop/Datos procesados/5/Segment 5 in/5LabelMapVolume_7in.nrrd,"{'normalize': False, 'normalizeScale': 1, 'interpolator': 'sitkBSpline', 'additionalInfo': True}",{'Original': {}},3D,"(512, 512, 1)",172.991191864014,0,1678,caffd674ce1b0f5ce18d537b6aa61422d352a08b,991,2.33096863623598,382,309.050454086781,313,230,-0.184482847846607,1015.69674802791,0.382666026377961,0.884747767935836,0.815374975248225,0.104105399162386,3.66880305216138
/home/ale/Desktop/Datos procesados/5/Segment 5 in/5in.nrrd,/home/ale/Desktop/Datos procesados/5/Segment 5 in/5LabelMapVolume_8in.nrrd,"{'normalize': False, 'normalizeScale': 1, 'interpolator': 'sitkBSpline', 'additionalInfo': True}",{'Original': {}},3D,"(512, 512, 1)",172.991191864014,0,1678,509321b3f7ad61d5479ad0036508d23a51c79bad,991,3.05760645209726,304,234.854692230071,234,163,0.103012316967733,547.960722180757,0.38576369765584,0.799624487735306,0.814785882801473,0.145737663997368,3.27427057930572
/home/ale/Desktop/Datos procesados/5/Segment 5 in/5in.nrrd,/home/ale/Desktop/Datos procesados/5/Segment 5 in/5LabelMapVolume_all_in.nrrd,"{'normalize': False, 'normalizeScale': 1, 'interpolator': 'sitkBSpline', 'additionalInfo': True}",{'Original': {}},3D,"(512, 512, 1)",172.991191864014,0,1678,27ae874763c8738cf99fb4b519eacbf16de85c44,28063,2.57730169985834,484,296.039553860956,293,94,0.085836521649408,4325.69960785427,0.397691839466933,0.971302507992838,0.821492812828552,0.051921678130125,4.76690349770532
