Image,Mask,diagnostics_Configuration_Settings,diagnostics_Configuration_EnabledImageTypes,diagnostics_Image-original_Dimensionality,diagnostics_Image-original_Size,diagnostics_Image-original_Mean,diagnostics_Image-original_Minimum,diagnostics_Image-original_Maximum,diagnostics_Mask-original_Hash,diagnostics_Mask-original_VoxelNum,original_firstorder_Kurtosis,original_firstorder_Maximum,original_firstorder_Mean,original_firstorder_Median,original_firstorder_Minimum,original_firstorder_Skewness,original_firstorder_Variance,original_glcm_Contrast,original_glcm_Correlation,original_glcm_Idm,original_glcm_JointEnergy,original_glcm_JointEntropy
/home/ale/Desktop/Datos procesados/15/Segment 15 in/15in.nrrd,/home/ale/Desktop/Datos procesados/15/Segment 15 in/15LabelMapVolume_1in.nrrd,"{'normalize': False, 'normalizeScale': 1, 'interpolator': 'sitkBSpline', 'additionalInfo': True}",{'Original': {}},3D,"(256, 256, 1)",101.839279174805,0,1123,45a4bbe1a96c63794b054ec9a20ce5796e98c229,305,3.22099112744366,159,120.026229508197,120,88,0.025558964496222,131.428820209621,0.388908182120948,0.371681156709334,0.81203702957639,0.268847846129299,2.27060351596291
/home/ale/Desktop/Datos procesados/15/Segment 15 in/15in.nrrd,/home/ale/Desktop/Datos procesados/15/Segment 15 in/15LabelMapVolume_2in.nrrd,"{'normalize': False, 'normalizeScale': 1, 'interpolator': 'sitkBSpline', 'additionalInfo': True}",{'Original': {}},3D,"(256, 256, 1)",101.839279174805,0,1123,e41bd478e9c18686036d2a95a84e4cc934ea953a,306,2.3729744321725,192,153.794117647059,152,121,0.279125868896758,226.882449058055,0.366555830008234,0.581380808481879,0.821054214959782,0.214797633078611,2.5270440085502
/home/ale/Desktop/Datos procesados/15/Segment 15 in/15in.nrrd,/home/ale/Desktop/Datos procesados/15/Segment 15 in/15LabelMapVolume_3in.nrrd,"{'normalize': False, 'normalizeScale': 1, 'interpolator': 'sitkBSpline', 'additionalInfo': True}",{'Original': {}},3D,"(256, 256, 1)",101.839279174805,0,1123,531f486e5c8c4f464b51ff83ea949fd0b7331f2a,304,2.21823929336945,217,170.608552631579,168,131,0.31355684714261,400.192163694598,0.367818824285255,0.750153317545589,0.822605203983296,0.174652643149372,2.95538491775991
/home/ale/Desktop/Datos procesados/15/Segment 15 in/15in.nrrd,/home/ale/Desktop/Datos procesados/15/Segment 15 in/15LabelMapVolume_4in.nrrd,"{'normalize': False, 'normalizeScale': 1, 'interpolator': 'sitkBSpline', 'additionalInfo': True}",{'Original': {}},3D,"(256, 256, 1)",101.839279174805,0,1123,9bb33108ddf3d3992c0912081d73ab6b41c45b52,304,3.06524546576091,132,104.0625,104,72,-0.030391625447348,93.5717516447368,0.342588158245974,0.307217778403383,0.830887739058831,0.331830248075629,1.9747564443677
/home/ale/Desktop/Datos procesados/15/Segment 15 in/15in.nrrd,/home/ale/Desktop/Datos procesados/15/Segment 15 in/15LabelMapVolume_5in.nrrd,"{'normalize': False, 'normalizeScale': 1, 'interpolator': 'sitkBSpline', 'additionalInfo': True}",{'Original': {}},3D,"(256, 256, 1)",101.839279174805,0,1123,d02f31b4e0d3ce593fd2ae285d721fd2606135d3,309,2.9787989923801,142,99.4854368932039,98,65,0.27160620729742,170.094448110095,0.377554563492063,0.472162703025127,0.819734623015873,0.243024099613804,2.38462297552923
/home/ale/Desktop/Datos procesados/15/Segment 15 in/15in.nrrd,/home/ale/Desktop/Datos procesados/15/Segment 15 in/15LabelMapVolume_6in.nrrd,"{'normalize': False, 'normalizeScale': 1, 'interpolator': 'sitkBSpline', 'additionalInfo': True}",{'Original': {}},3D,"(256, 256, 1)",101.839279174805,0,1123,fdedcb8c51743f8dea13ed228074fe3bd4398696,307,2.62343627820004,151,123.166123778502,123,97,0.113714329849563,116.627126017252,0.301856416964331,0.424326158587529,0.850150928208482,0.295461326179119,1.96971274696709
/home/ale/Desktop/Datos procesados/15/Segment 15 in/15in.nrrd,/home/ale/Desktop/Datos procesados/15/Segment 15 in/15LabelMapVolume_7in.nrrd,"{'normalize': False, 'normalizeScale': 1, 'interpolator': 'sitkBSpline', 'additionalInfo': True}",{'Original': {}},3D,"(256, 256, 1)",101.839279174805,0,1123,0b0d52b0e37fa943e2d2823a6f7591dca183081c,308,2.67553186220024,192,158.175324675325,159,126,-0.116546885238832,172.832897621859,0.322043635182896,0.484965054742397,0.844324553844617,0.308693158243886,2.21409324941473
/home/ale/Desktop/Datos procesados/15/Segment 15 in/15in.nrrd,/home/ale/Desktop/Datos procesados/15/Segment 15 in/15LabelMapVolume_8in.nrrd,"{'normalize': False, 'normalizeScale': 1, 'interpolator': 'sitkBSpline', 'additionalInfo': True}",{'Original': {}},3D,"(256, 256, 1)",101.839279174805,0,1123,56ed25dd5b9de41d5e99cefc2dda4c5dfc334e21,306,2.74384448968986,211,168.196078431373,169,127,-0.041120266041314,269.785082660515,0.394078155678004,0.623021144797176,0.808345683703844,0.192241567307188,2.77052714353857
/home/ale/Desktop/Datos procesados/15/Segment 15 in/15in.nrrd,/home/ale/Desktop/Datos procesados/15/Segment 15 in/15LabelMapVolume_all_in.nrrd,"{'normalize': False, 'normalizeScale': 1, 'interpolator': 'sitkBSpline', 'additionalInfo': True}",{'Original': {}},3D,"(256, 256, 1)",101.839279174805,0,1123,1b00dece27fd76af4e779f179bdb935e73e3748c,8385,2.72460649590852,294,143.424925462135,139,43,0.46020880283587,1476.24984980065,0.427140228510705,0.912448122849623,0.810155213756673,0.088074030910744,4.00362915128222
