Image,Mask,diagnostics_Configuration_Settings,diagnostics_Configuration_EnabledImageTypes,diagnostics_Image-original_Dimensionality,diagnostics_Image-original_Size,diagnostics_Image-original_Mean,diagnostics_Image-original_Minimum,diagnostics_Image-original_Maximum,diagnostics_Mask-original_Hash,diagnostics_Mask-original_VoxelNum,original_firstorder_Kurtosis,original_firstorder_Maximum,original_firstorder_Mean,original_firstorder_Median,original_firstorder_Minimum,original_firstorder_Skewness,original_firstorder_Variance,original_glcm_Contrast,original_glcm_Correlation,original_glcm_Idm,original_glcm_JointEnergy,original_glcm_JointEntropy
/home/ale/Desktop/Datos procesados/22/Segment 22 out/22out.nrrd,/home/ale/Desktop/Datos procesados/22/Segment 22 out/22LabelMapVolume_1out.nrrd,"{'normalize': False, 'normalizeScale': 1, 'interpolator': 'sitkBSpline', 'additionalInfo': True}",{'Original': {}},3D,"(512, 320, 1)",129.644427490234,0,592,c54d633e53cd0f83fae80df55b691128f2791ac7,1294,3.95615406692805,254,225.843894899536,229,179,-1.10549488427809,199.893714659742,0.180839344245318,0.787833168602786,0.909580327877341,0.374789043774097,2.0123577498569
/home/ale/Desktop/Datos procesados/22/Segment 22 out/22out.nrrd,/home/ale/Desktop/Datos procesados/22/Segment 22 out/22LabelMapVolume_2out.nrrd,"{'normalize': False, 'normalizeScale': 1, 'interpolator': 'sitkBSpline', 'additionalInfo': True}",{'Original': {}},3D,"(512, 320, 1)",129.644427490234,0,592,64f82b96bf542831c46d6d81769145d35da46f4b,1295,8.42129993195904,252,212.540540540541,215,116,-1.61231470800154,309.511676927893,0.239976200023283,0.797056016798145,0.887276260816701,0.325523582391648,2.37990312644335
/home/ale/Desktop/Datos procesados/22/Segment 22 out/22out.nrrd,/home/ale/Desktop/Datos procesados/22/Segment 22 out/22LabelMapVolume_3out.nrrd,"{'normalize': False, 'normalizeScale': 1, 'interpolator': 'sitkBSpline', 'additionalInfo': True}",{'Original': {}},3D,"(512, 320, 1)",129.644427490234,0,592,d2fd3bd3c04ef0e9273304b49e013388c6c02a94,1294,4.44564530649565,161,129.846213292117,128,113,1.09137079103383,58.2939694320953,0.137708677461281,0.671015156603922,0.93114566126936,0.496259599681841,1.49864025555217
/home/ale/Desktop/Datos procesados/22/Segment 22 out/22out.nrrd,/home/ale/Desktop/Datos procesados/22/Segment 22 out/22LabelMapVolume_4out.nrrd,"{'normalize': False, 'normalizeScale': 1, 'interpolator': 'sitkBSpline', 'additionalInfo': True}",{'Original': {}},3D,"(512, 320, 1)",129.644427490234,0,592,1341a6dcced9039e174774273bbcb7bcb8ccb97a,1294,2.55675952062241,178,141.823029366306,140,120,0.534454330441244,117.797893141332,0.103507593984878,0.765689564967096,0.948246203007561,0.509162792606761,1.43981958859161
/home/ale/Desktop/Datos procesados/22/Segment 22 out/22out.nrrd,/home/ale/Desktop/Datos procesados/22/Segment 22 out/22LabelMapVolume_5out.nrrd,"{'normalize': False, 'normalizeScale': 1, 'interpolator': 'sitkBSpline', 'additionalInfo': True}",{'Original': {}},3D,"(512, 320, 1)",129.644427490234,0,592,c24fe7f39d77a68f3f4de2bd06a5180e151168b9,1296,3.61761456115488,265,238.487654320988,240,193,-0.789790943696018,167.729785855815,0.172185220285329,0.744660915682466,0.913907389857335,0.395048878135828,1.97595426329789
/home/ale/Desktop/Datos procesados/22/Segment 22 out/22out.nrrd,/home/ale/Desktop/Datos procesados/22/Segment 22 out/22LabelMapVolume_6out.nrrd,"{'normalize': False, 'normalizeScale': 1, 'interpolator': 'sitkBSpline', 'additionalInfo': True}",{'Original': {}},3D,"(512, 320, 1)",129.644427490234,0,592,7db02cac8f8a38049251b0264278e767cfe5ca5b,1295,4.68564710123079,281,249.381467181467,257,162,-1.39986855522646,443.658343793325,0.189657326235883,0.869400668336599,0.906630007870713,0.353549858114362,2.28288197434064
/home/ale/Desktop/Datos procesados/22/Segment 22 out/22out.nrrd,/home/ale/Desktop/Datos procesados/22/Segment 22 out/22LabelMapVolume_7out.nrrd,"{'normalize': False, 'normalizeScale': 1, 'interpolator': 'sitkBSpline', 'additionalInfo': True}",{'Original': {}},3D,"(512, 320, 1)",129.644427490234,0,592,d5d90efc13792088c600fb156a4c50e823f682be,1295,8.43721482432839,270,238.222393822394,249,101,-2.35946258056486,1015.8578768951,0.294285576963466,0.912851296056524,0.862550530909852,0.243578205015735,2.76883669778087
/home/ale/Desktop/Datos procesados/22/Segment 22 out/22out.nrrd,/home/ale/Desktop/Datos procesados/22/Segment 22 out/22LabelMapVolume_8out.nrrd,"{'normalize': False, 'normalizeScale': 1, 'interpolator': 'sitkBSpline', 'additionalInfo': True}",{'Original': {}},3D,"(512, 320, 1)",129.644427490234,0,592,97ffb1aed98f9942aaa8e40c796c649404648683,1296,5.05184081149274,260,221.247685185185,227,139,-1.4241044670726,462.570596493484,0.233736786517593,0.858387494866545,0.887251823797878,0.297768644265195,2.52849350542764
/home/ale/Desktop/Datos procesados/22/Segment 22 out/22out.nrrd,/home/ale/Desktop/Datos procesados/22/Segment 22 out/22LabelMapVolume_all_out.nrrd,"{'normalize': False, 'normalizeScale': 1, 'interpolator': 'sitkBSpline', 'additionalInfo': True}",{'Original': {}},3D,"(512, 320, 1)",129.644427490234,0,592,419f0678b5108136e5c7b88fc423774c567d384d,41048,1.99187293414653,285,204.304277918534,217,30,-0.49874818148466,1953.13729216521,0.197411302212025,0.96897608438489,0.90496896237529,0.125457485830518,3.46845855634871
