Image,Mask,diagnostics_Configuration_Settings,diagnostics_Configuration_EnabledImageTypes,diagnostics_Image-original_Dimensionality,diagnostics_Image-original_Size,diagnostics_Image-original_Mean,diagnostics_Image-original_Minimum,diagnostics_Image-original_Maximum,diagnostics_Mask-original_Hash,diagnostics_Mask-original_VoxelNum,original_firstorder_Kurtosis,original_firstorder_Maximum,original_firstorder_Mean,original_firstorder_Median,original_firstorder_Minimum,original_firstorder_Skewness,original_firstorder_Variance,original_glcm_Contrast,original_glcm_Correlation,original_glcm_Idm,original_glcm_JointEnergy,original_glcm_JointEntropy
/home/ale/Desktop/Datos procesados/18/Segment 18 in/18in.nrrd,/home/ale/Desktop/Datos procesados/18/Segment 18 in/18LabelMapVolume_1in.nrrd,"{'normalize': False, 'normalizeScale': 1, 'interpolator': 'sitkBSpline', 'additionalInfo': True}",{'Original': {}},3D,"(512, 320, 1)",173.128240966797,0,611,b3b854ac7ebc457c53ce2bc71a1a9196e0caf834,1372,2.48621645497287,222,194.02915451895,199,141,-0.650628872194899,267.228012987786,0.168275667432951,0.848666907757587,0.915862166283524,0.293719246703766,2.19652285566708
/home/ale/Desktop/Datos procesados/18/Segment 18 in/18in.nrrd,/home/ale/Desktop/Datos procesados/18/Segment 18 in/18LabelMapVolume_2in.nrrd,"{'normalize': False, 'normalizeScale': 1, 'interpolator': 'sitkBSpline', 'additionalInfo': True}",{'Original': {}},3D,"(512, 320, 1)",173.128240966797,0,611,27ab3268686efb7ca565f0beba4b9c457410df8e,1370,8.65664618086382,226,195.575912408759,200,102,-2.18968554829285,346.987302999627,0.251614598986307,0.813848179713856,0.880369793785936,0.29286112089602,2.35074361691305
/home/ale/Desktop/Datos procesados/18/Segment 18 in/18in.nrrd,/home/ale/Desktop/Datos procesados/18/Segment 18 in/18LabelMapVolume_3in.nrrd,"{'normalize': False, 'normalizeScale': 1, 'interpolator': 'sitkBSpline', 'additionalInfo': True}",{'Original': {}},3D,"(512, 320, 1)",173.128240966797,0,611,308b438496950741140dffde890f901a6b9cccf8,1371,6.60991754295035,216,187.335521517141,190,114,-1.52738277393613,218.396542744067,0.223464488872779,0.75321849137013,0.888726120727858,0.333652145419587,2.25921862152549
/home/ale/Desktop/Datos procesados/18/Segment 18 in/18in.nrrd,/home/ale/Desktop/Datos procesados/18/Segment 18 in/18LabelMapVolume_4in.nrrd,"{'normalize': False, 'normalizeScale': 1, 'interpolator': 'sitkBSpline', 'additionalInfo': True}",{'Original': {}},3D,"(512, 320, 1)",173.128240966797,0,611,74442f9dcb13f733d00171157f04838f07928340,1372,4.62838669071791,222,189.194606413994,191,136,-0.937927509713532,160.777726011271,0.234100391234609,0.656678376173067,0.883636827283459,0.366347008318811,2.10062737315986
/home/ale/Desktop/Datos procesados/18/Segment 18 in/18in.nrrd,/home/ale/Desktop/Datos procesados/18/Segment 18 in/18LabelMapVolume_5in.nrrd,"{'normalize': False, 'normalizeScale': 1, 'interpolator': 'sitkBSpline', 'additionalInfo': True}",{'Original': {}},3D,"(512, 320, 1)",173.128240966797,0,611,8a7baca1d8ae40ae45c708c1bd46dfc6b715d08f,1372,4.51809040043576,245,200.860787172012,202,128,-0.69650222454526,259.478433199602,0.282535819790803,0.720893326915441,0.862390004203743,0.253392717147561,2.52650243544026
/home/ale/Desktop/Datos procesados/18/Segment 18 in/18in.nrrd,/home/ale/Desktop/Datos procesados/18/Segment 18 in/18LabelMapVolume_6in.nrrd,"{'normalize': False, 'normalizeScale': 1, 'interpolator': 'sitkBSpline', 'additionalInfo': True}",{'Original': {}},3D,"(512, 320, 1)",173.128240966797,0,611,d7bb00f6cab3229397fff9afd167ee794879e803,1371,3.34744663038924,257,203.976659372721,207,131,-0.657040611921115,539.375093435395,0.310064940158586,0.830476495016625,0.847717720906192,0.186288166708406,3.0508575014879
/home/ale/Desktop/Datos procesados/18/Segment 18 in/18in.nrrd,/home/ale/Desktop/Datos procesados/18/Segment 18 in/18LabelMapVolume_7in.nrrd,"{'normalize': False, 'normalizeScale': 1, 'interpolator': 'sitkBSpline', 'additionalInfo': True}",{'Original': {}},3D,"(512, 320, 1)",173.128240966797,0,611,e07e67d59756364201d604fc1feab0ab0be486ea,1371,2.60980358306729,278,228.043763676149,234,161,-0.632311891751524,628.247537694698,0.212655341803033,0.90101858265068,0.893901511680607,0.193379947419758,2.90790337013967
/home/ale/Desktop/Datos procesados/18/Segment 18 in/18in.nrrd,/home/ale/Desktop/Datos procesados/18/Segment 18 in/18LabelMapVolume_8in.nrrd,"{'normalize': False, 'normalizeScale': 1, 'interpolator': 'sitkBSpline', 'additionalInfo': True}",{'Original': {}},3D,"(512, 320, 1)",173.128240966797,0,611,6d75e46504372c70ec63a71e1852320edd99fb29,1371,2.73624417127038,255,202.722830051058,202,151,0.044718070356535,352.22806376324,0.217623282785746,0.8286588507974,0.891188358607127,0.232541100482392,2.60640446619631
/home/ale/Desktop/Datos procesados/18/Segment 18 in/18in.nrrd,/home/ale/Desktop/Datos procesados/18/Segment 18 in/18LabelMapVolume_all_in.nrrd,"{'normalize': False, 'normalizeScale': 1, 'interpolator': 'sitkBSpline', 'additionalInfo': True}",{'Original': {}},3D,"(512, 320, 1)",173.128240966797,0,611,82a7939cb59f8235791573af2df92ce6a65f6031,33037,4.49979708323058,311,201.371401761661,201,84,-0.164400492393979,613.107331185774,0.240458028029235,0.886094370604855,0.881529459350738,0.193568149079356,3.01912610253941
