Image,Mask,diagnostics_Configuration_Settings,diagnostics_Configuration_EnabledImageTypes,diagnostics_Image-original_Dimensionality,diagnostics_Image-original_Size,diagnostics_Image-original_Mean,diagnostics_Image-original_Minimum,diagnostics_Image-original_Maximum,diagnostics_Mask-original_Hash,diagnostics_Mask-original_VoxelNum,original_firstorder_Kurtosis,original_firstorder_Maximum,original_firstorder_Mean,original_firstorder_Median,original_firstorder_Minimum,original_firstorder_Skewness,original_firstorder_Variance,original_glcm_Contrast,original_glcm_Correlation,original_glcm_Idm,original_glcm_JointEnergy,original_glcm_JointEntropy
/home/ale/Desktop/Datos procesados/25/Segment 25 out/25out.nrrd,/home/ale/Desktop/Datos procesados/25/Segment 25 out/25LabelMapVolume_1out.nrrd,"{'normalize': False, 'normalizeScale': 1, 'interpolator': 'sitkBSpline', 'additionalInfo': True}",{'Original': {}},3D,"(640, 520, 1)",134.744068509615,0,486,f7dc1b685734b6ca866150256d85a440fc637cd5,1714,3.73687628772215,179,149.426487747958,150,111,-0.365143805877428,95.7475131016586,0.182051352264118,0.681581116151514,0.908974323867941,0.341542259471172,1.84414662826077
/home/ale/Desktop/Datos procesados/25/Segment 25 out/25out.nrrd,/home/ale/Desktop/Datos procesados/25/Segment 25 out/25LabelMapVolume_2out.nrrd,"{'normalize': False, 'normalizeScale': 1, 'interpolator': 'sitkBSpline', 'additionalInfo': True}",{'Original': {}},3D,"(640, 520, 1)",134.744068509615,0,486,560a256c7c2902a699cecb27fb43f8628ffc5baf,1717,2.86222163292902,193,157.338963308096,160,109,-0.538328702061066,229.096519134938,0.17252799701986,0.794908371318288,0.91373600149007,0.338862095467412,2.15948013695303
/home/ale/Desktop/Datos procesados/25/Segment 25 out/25out.nrrd,/home/ale/Desktop/Datos procesados/25/Segment 25 out/25LabelMapVolume_3out.nrrd,"{'normalize': False, 'normalizeScale': 1, 'interpolator': 'sitkBSpline', 'additionalInfo': True}",{'Original': {}},3D,"(640, 520, 1)",134.744068509615,0,486,25a847eb67c9f048399858a975c4a58a9320e2d6,1717,2.56043463456701,173,145.372743156669,146,120,-0.091548725429078,97.4591988233734,0.149573423785244,0.700581665923326,0.925213288107378,0.40431793438537,1.64862218735325
/home/ale/Desktop/Datos procesados/25/Segment 25 out/25out.nrrd,/home/ale/Desktop/Datos procesados/25/Segment 25 out/25LabelMapVolume_4out.nrrd,"{'normalize': False, 'normalizeScale': 1, 'interpolator': 'sitkBSpline', 'additionalInfo': True}",{'Original': {}},3D,"(640, 520, 1)",134.744068509615,0,486,d598973b4c1c927b4d41d5eeb51d4442d25a7ca9,1715,5.32428264633059,161,135.418658892128,138,86,-1.2687274144442,139.291780125628,0.116020750892349,0.75764591517894,0.941989624553826,0.580263099341077,1.48483701873047
/home/ale/Desktop/Datos procesados/25/Segment 25 out/25out.nrrd,/home/ale/Desktop/Datos procesados/25/Segment 25 out/25LabelMapVolume_5out.nrrd,"{'normalize': False, 'normalizeScale': 1, 'interpolator': 'sitkBSpline', 'additionalInfo': True}",{'Original': {}},3D,"(640, 520, 1)",134.744068509615,0,486,55c4300d0b3e303d45c9237a8e3ab5c13196000e,1716,3.38630634621045,191,155.434149184149,157,112,-0.512757940963793,167.802773227161,0.179280082052806,0.734068814835558,0.910359958973597,0.399274481159742,1.96743965441713
/home/ale/Desktop/Datos procesados/25/Segment 25 out/25out.nrrd,/home/ale/Desktop/Datos procesados/25/Segment 25 out/25LabelMapVolume_6out.nrrd,"{'normalize': False, 'normalizeScale': 1, 'interpolator': 'sitkBSpline', 'additionalInfo': True}",{'Original': {}},3D,"(640, 520, 1)",134.744068509615,0,486,94b602b693fce2c31b5c3485e03e826b23e1b992,1715,3.05778622356812,179,146.051311953353,146,113,0.107493692772238,109.406113439128,0.205975889748366,0.612948040224704,0.897012055125817,0.364795446344422,1.84300273400997
/home/ale/Desktop/Datos procesados/25/Segment 25 out/25out.nrrd,/home/ale/Desktop/Datos procesados/25/Segment 25 out/25LabelMapVolume_7out.nrrd,"{'normalize': False, 'normalizeScale': 1, 'interpolator': 'sitkBSpline', 'additionalInfo': True}",{'Original': {}},3D,"(640, 520, 1)",134.744068509615,0,486,789b2eaea3c988ac9cbea10fc40a41c32b6ab907,1716,8.56012368012569,204,172.945221445221,176,95,-2.11143316504761,260.200962013899,0.216438588420749,0.802238719232569,0.892327153877057,0.316529902469332,2.18474216168764
/home/ale/Desktop/Datos procesados/25/Segment 25 out/25out.nrrd,/home/ale/Desktop/Datos procesados/25/Segment 25 out/25LabelMapVolume_8out.nrrd,"{'normalize': False, 'normalizeScale': 1, 'interpolator': 'sitkBSpline', 'additionalInfo': True}",{'Original': {}},3D,"(640, 520, 1)",134.744068509615,0,486,c789abdaf90f840f941e2cc79d2fe427ecba1122,1715,3.34966890174927,207,174.547521865889,175,133,-0.17719813538167,112.048324762641,0.204030579424966,0.640998221717317,0.897984710287517,0.331590932966466,1.89001579879255
/home/ale/Desktop/Datos procesados/25/Segment 25 out/25out.nrrd,/home/ale/Desktop/Datos procesados/25/Segment 25 out/25LabelMapVolume_all_out.nrrd,"{'normalize': False, 'normalizeScale': 1, 'interpolator': 'sitkBSpline', 'additionalInfo': True}",{'Original': {}},3D,"(640, 520, 1)",134.744068509615,0,486,abc62b289804f9ee40a8d6c442f1a72cc9a7bbbc,54554,4.17053538821739,228,152.962550867031,153,29,-0.37303709012835,429.265250786768,0.17765439628549,0.882318968109082,0.911866966861568,0.237322628693552,2.61542008612006
