Image,Mask,diagnostics_Configuration_Settings,diagnostics_Configuration_EnabledImageTypes,diagnostics_Image-original_Dimensionality,diagnostics_Image-original_Size,diagnostics_Image-original_Mean,diagnostics_Image-original_Minimum,diagnostics_Image-original_Maximum,diagnostics_Mask-original_Hash,diagnostics_Mask-original_VoxelNum,original_firstorder_Kurtosis,original_firstorder_Maximum,original_firstorder_Mean,original_firstorder_Median,original_firstorder_Minimum,original_firstorder_Skewness,original_firstorder_Variance,original_glcm_Contrast,original_glcm_Correlation,original_glcm_Idm,original_glcm_JointEnergy,original_glcm_JointEntropy
/home/ale/Desktop/Datos procesados/9/Segment 9 in/9in.nrrd,/home/ale/Desktop/Datos procesados/9/Segment 9 in/9LabelMapVolume_1in.nrrd,"{'normalize': False, 'normalizeScale': 1, 'interpolator': 'sitkBSpline', 'additionalInfo': True}",{'Original': {}},3D,"(512, 512, 1)",118.318325042725,0,1623,f976e861d4becd28170a628e24a0d78c383de5c4,819,2.95952692634833,209,158.229548229548,160,114,-0.278207296617745,280.443034106038,0.199528282402703,0.815206253233686,0.900624963857014,0.298198119320143,2.41126775707272
/home/ale/Desktop/Datos procesados/9/Segment 9 in/9in.nrrd,/home/ale/Desktop/Datos procesados/9/Segment 9 in/9LabelMapVolume_2in.nrrd,"{'normalize': False, 'normalizeScale': 1, 'interpolator': 'sitkBSpline', 'additionalInfo': True}",{'Original': {}},3D,"(512, 512, 1)",118.318325042725,0,1623,73897353205074d0850133cb34506ef1cd83b36d,820,2.80261241566096,147,118.287804878049,117,94,0.450183549791496,94.1049732302201,0.135864506242973,0.669121766839207,0.932067746878514,0.495083788413034,1.47214463394983
/home/ale/Desktop/Datos procesados/9/Segment 9 in/9in.nrrd,/home/ale/Desktop/Datos procesados/9/Segment 9 in/9LabelMapVolume_3in.nrrd,"{'normalize': False, 'normalizeScale': 1, 'interpolator': 'sitkBSpline', 'additionalInfo': True}",{'Original': {}},3D,"(512, 512, 1)",118.318325042725,0,1623,e31758a53f051de626915fa7a3bacc4a1a8c677b,818,11.7491438211518,238,126.5097799511,122,81,2.72488493286,478.694892127618,0.363751358968602,0.808124269236255,0.836752633740236,0.296280969144564,2.57705499837232
/home/ale/Desktop/Datos procesados/9/Segment 9 in/9in.nrrd,/home/ale/Desktop/Datos procesados/9/Segment 9 in/9LabelMapVolume_4in.nrrd,"{'normalize': False, 'normalizeScale': 1, 'interpolator': 'sitkBSpline', 'additionalInfo': True}",{'Original': {}},3D,"(512, 512, 1)",118.318325042725,0,1623,bb4d0cce3c5fc683172513ebe168e6222f6bd277,819,2.45765068758528,164,119.203907203907,120,84,0.102562232163892,219.439496333269,0.21102131902176,0.762241620847428,0.894878445547486,0.28180455081612,2.29841502298771
/home/ale/Desktop/Datos procesados/9/Segment 9 in/9in.nrrd,/home/ale/Desktop/Datos procesados/9/Segment 9 in/9LabelMapVolume_5in.nrrd,"{'normalize': False, 'normalizeScale': 1, 'interpolator': 'sitkBSpline', 'additionalInfo': True}",{'Original': {}},3D,"(512, 512, 1)",118.318325042725,0,1623,26de7081f633c8212ea5681d04aa6cf4725cb6e1,819,1.78528050147408,326,255.224664224664,257,171,-0.050084170119819,1107.96906200569,0.37914363842144,0.899011938850513,0.82399134220592,0.108881708192495,3.59907452126175
/home/ale/Desktop/Datos procesados/9/Segment 9 in/9in.nrrd,/home/ale/Desktop/Datos procesados/9/Segment 9 in/9LabelMapVolume_6in.nrrd,"{'normalize': False, 'normalizeScale': 1, 'interpolator': 'sitkBSpline', 'additionalInfo': True}",{'Original': {}},3D,"(512, 512, 1)",118.318325042725,0,1623,6631537939c4ffa32a1092c515e0cec4fe26c7d6,819,2.82130078702103,207,167.413919413919,166,136,0.408170590755343,179.346375236485,0.193336289727093,0.728918278751313,0.903720960194819,0.353541304227432,2.0859587117531
/home/ale/Desktop/Datos procesados/9/Segment 9 in/9in.nrrd,/home/ale/Desktop/Datos procesados/9/Segment 9 in/9LabelMapVolume_7in.nrrd,"{'normalize': False, 'normalizeScale': 1, 'interpolator': 'sitkBSpline', 'additionalInfo': True}",{'Original': {}},3D,"(512, 512, 1)",118.318325042725,0,1623,c24f238f98cd40c64519fc69c391240085167062,818,3.21535822219883,185,149.337408312958,151,95,-0.583328965083025,204.744346339393,0.276703843813148,0.646612766420715,0.864367906036184,0.275520807375316,2.27717712559064
/home/ale/Desktop/Datos procesados/9/Segment 9 in/9in.nrrd,/home/ale/Desktop/Datos procesados/9/Segment 9 in/9LabelMapVolume_8in.nrrd,"{'normalize': False, 'normalizeScale': 1, 'interpolator': 'sitkBSpline', 'additionalInfo': True}",{'Original': {}},3D,"(512, 512, 1)",118.318325042725,0,1623,ea2a87bc5742bda37b4433d19fafff9ab520a591,820,3.58416310390583,44,19.4585365853659,19,7,0.664846161774537,37.8873051754908,0.194316588908681,0.375668097128439,0.90284170554566,0.532703735743061,1.32426931316585
/home/ale/Desktop/Datos procesados/9/Segment 9 in/9in.nrrd,/home/ale/Desktop/Datos procesados/9/Segment 9 in/9LabelMapVolume_all_in.nrrd,"{'normalize': False, 'normalizeScale': 1, 'interpolator': 'sitkBSpline', 'additionalInfo': True}",{'Original': {}},3D,"(512, 512, 1)",118.318325042725,0,1623,c6c08a02958da4dca0ec8df58d1bc33160465178,28785,3.73573953571047,361,147.190029529269,140,6,0.231178895202338,3668.62659504863,0.373560591999442,0.968723230538608,0.852181313243878,0.089992304553966,4.29150789660328
