,,Size,Original_Mean,Pix_min,Pix_max,PixelNum Mask,Mean,Median,Minimum,Maximum,Variance,Skewness,Kurtosis,Energy,Entropy,IDM,Contrast,Correlation,Percentage,Type
1,out/LabelMapVolume_1.nrrd,"(512, 512, 1)",174.1023865,0,1285,1099,114.0409463,115,37,160,219.358651,-0.814405575,5.5976505,0.307959614,2.424936384,0.840067601,0.354154997,0.559278004,23.16290847,Grasa
1,out/LabelMapVolume_2.nrrd,"(512, 512, 1)",174.1023865,0,1285,1098,120.7076503,120,81,158,170.157701,0.074498225,2.775905429,0.272841293,2.307922482,0.856137194,0.291179403,0.601057465,21.61815189,Grasa
1,out/LabelMapVolume_3.nrrd,"(512, 512, 1)",174.1023865,0,1285,1096,105.0273723,105,71,143,141.4353821,0.146668827,2.988501925,0.301215515,2.161353916,0.860138371,0.280875995,0.560229884,18.18000036,Grasa
1,out/LabelMapVolume_4.nrrd,"(512, 512, 1)",174.1023865,0,1285,1096,110.6806569,110,78,142,130.3815966,0.11814594,2.652145952,0.353975935,2.09012251,0.8630116,0.273976801,0.536717081,22.90603856,Grasa
1,out/LabelMapVolume_5.nrrd,"(512, 512, 1)",174.1023865,0,1285,1097,113.8568824,113,78,160,211.5137015,0.395898039,3.006044808,0.300917086,2.331390598,0.875840189,0.248895437,0.701315353,24.66398747,Grasa
1,out/LabelMapVolume_6.nrrd,"(512, 512, 1)",174.1023865,0,1285,1099,115.0518653,114,74,176,278.9918505,0.320523945,2.717618064,0.225662347,2.6044857,0.867017148,0.266540418,0.758973938,17.51283369,Grasa
1,out/LabelMapVolume_7.nrrd,"(512, 512, 1)",174.1023865,0,1285,1099,150.9372157,155,97,199,500.9032465,-0.408924334,2.361602489,0.186890409,2.874542318,0.865315555,0.272818267,0.837336751,15.4191754,Grasa
1,out/LabelMapVolume_8.nrrd,"(512, 512, 1)",174.1023865,0,1285,1099,157.2848044,159,29,240,1343.224619,-0.301295755,2.786679255,0.08305752,3.982878725,0.785063114,0.486637318,0.889134259,12.87260762,Grasa
2,out/2LabelMapVolume_1out.nrrd,"(256, 256, 1)",158.2959137,0,1914,247,124.7692308,125,86,157,212.7605107,0.063587331,2.619782871,0.212274957,2.644232401,0.81458926,0.389669275,0.572097984,23.12229379,Grasa
2,out/2LabelMapVolume_2out.nrrd,"(256, 256, 1)",158.2959137,0,1914,248,146.0362903,146,107,177,199.1801346,-0.132634369,2.674043641,0.256485284,2.359950545,0.858041511,0.28663191,0.6397603,19.55541009,Grasa
2,out/2LabelMapVolume_3out.nrrd,"(256, 256, 1)",158.2959137,0,1914,247,107.6842105,106,79,144,138.1755807,0.56757176,3.199625907,0.297990993,2.246543667,0.834572105,0.338905742,0.472534769,19.51586147,Grasa
2,out/2LabelMapVolume_4out.nrrd,"(256, 256, 1)",158.2959137,0,1914,249,110.0441767,111,78,148,124.2028677,-0.127589853,2.985861172,0.365327248,2.010036775,0.843322834,0.313354332,0.389577855,20.56828637,Grasa
2,out/2LabelMapVolume_5out.nrrd,"(256, 256, 1)",158.2959137,0,1914,247,124.8380567,117,79,209,703.7875395,1.264111463,3.81858361,0.241435352,2.908851957,0.819865713,0.373843234,0.820287315,22.32145233,Grasa
2,out/2LabelMapVolume_6out.nrrd,"(256, 256, 1)",158.2959137,0,1914,247,138.8016194,136,91,201,467.3250176,0.426613636,3.203648429,0.17039781,3.168134796,0.806406469,0.408716829,0.765036543,11.74925732,Grasa
2,out/2LabelMapVolume_7out.nrrd,"(256, 256, 1)",158.2959137,0,1914,248,206.7379032,211,28,327,2658.47566,-0.333597883,3.118580126,0.035752123,5.195134382,0.577897947,1.939361305,0.767732865,4.250168183,Normal
2,out/2LabelMapVolume_8out.nrrd,"(256, 256, 1)",158.2959137,0,1914,248,118.0443548,118,93,143,114.2359359,0.015347402,2.410281274,0.285140496,2.184374383,0.81833772,0.374053593,0.359216104,24.41002406,Grasa
3,out/3LabelMapVolume_1out.nrrd,"(512, 512, 1)",133.6369743,0,1054,1371,182.563822,185,98,227,427.2816671,-0.968700443,4.266113077,0.222671176,2.844538989,0.853825311,0.303778389,0.806138174,20.47455943,Grasa
3,out/3LabelMapVolume_2out.nrrd,"(512, 512, 1)",133.6369743,0,1054,1372,263.7747813,265,130,327,756.5185185,-0.515350129,3.938177562,0.148841272,3.249677811,0.855155345,0.2960829,0.881193765,15.51036216,Grasa
3,out/3LabelMapVolume_3out.nrrd,"(512, 512, 1)",133.6369743,0,1054,1372,212.9774052,219,127,282,913.7043,-0.671195372,2.997058517,0.131676327,3.464856982,0.835219627,0.344198611,0.888933026,0.724178301,Normal
3,out/3LabelMapVolume_4out.nrrd,"(512, 512, 1)",133.6369743,0,1054,1371,166.6754194,166,130,217,211.0959603,0.139229171,2.854479145,0.296086558,2.30559348,0.870801949,0.26068137,0.664108264,0.368643286,Normal
3,out/3LabelMapVolume_5out.nrrd,"(512, 512, 1)",133.6369743,0,1054,1370,185.1058394,189,89,254,783.8844185,-0.777430003,3.816484367,0.151486928,3.369137931,0.829806451,0.354587578,0.866913684,0.054081533,Normal
3,out/3LabelMapVolume_6out.nrrd,"(512, 512, 1)",133.6369743,0,1054,1373,163.1653314,163,96,220,614.28075,-0.154255047,2.469769503,0.136736571,3.29611496,0.828884435,0.354575712,0.834549479,0.256999659,Normal
3,out/3LabelMapVolume_7out.nrrd,"(512, 512, 1)",133.6369743,0,1054,1372,207.2784257,205,153,282,470.4079019,0.589575101,3.611267982,0.171219463,3.086860961,0.828042177,0.356707334,0.791161666,1.695688825,Normal
3,out/3LabelMapVolume_8out.nrrd,"(512, 512, 1)",133.6369743,0,1054,1370,209.9233577,211.5,116,270,568.4985055,-0.254770406,3.232873684,0.145418958,3.277716594,0.825057971,0.370939341,0.816096935,2.0627432,Normal
4,out/4LabelMapVolume_1out.nrrd,"(512, 512, 1)",146.0506325,0,1158,993,71.58912387,69,19,245,1102.703286,0.88044152,4.802678434,0.098924713,3.867456326,0.76559681,0.64309846,0.817991732,2.718318101,Normal
4,out/4LabelMapVolume_2out.nrrd,"(512, 512, 1)",146.0506325,0,1158,992,200.3356855,197,145,270,583.3157427,0.5320904,2.726887055,0.177674714,3.028555963,0.858782458,0.283074062,0.854571057,2.136347312,Normal
4,out/4LabelMapVolume_3out.nrrd,"(512, 512, 1)",146.0506325,0,1158,990,197.5909091,195,148,264,384.4922406,0.450914002,3.339259928,0.210823803,2.841863302,0.843864654,0.328246978,0.749676076,0.431486471,Normal
4,out/4LabelMapVolume_4out.nrrd,"(512, 512, 1)",146.0506325,0,1158,991,178.2240161,180,121,232,535.7762547,-0.229278749,2.201778505,0.158885787,3.043424637,0.851356017,0.300482853,0.838400224,0.845606487,Normal
4,out/4LabelMapVolume_5out.nrrd,"(512, 512, 1)",146.0506325,0,1158,990,68.99393939,66,19,134,572.7959229,0.332331381,2.367867951,0.128774097,3.361386684,0.793368186,0.485268314,0.75375165,20.5184511,Grasa
4,out/4LabelMapVolume_6out.nrrd,"(512, 512, 1)",146.0506325,0,1158,988,269.159919,275,84,406,2700.579689,-0.493401948,3.482462085,0.039895993,5.225709932,0.617198164,1.518966336,0.824877736,7.516927885,Grasa
4,out/4LabelMapVolume_7out.nrrd,"(512, 512, 1)",146.0506325,0,1158,992,93.31350806,93,56,154,196.5640111,0.425924971,3.700090965,0.297122878,2.300947702,0.861105635,0.280343961,0.629566858,3.785980309,Normal
4,out/4LabelMapVolume_8out.nrrd,"(512, 512, 1)",146.0506325,0,1158,991,143.136226,142,83,268,688.1398683,1.395002873,7.317791664,0.183224477,3.133059606,0.83949345,0.344593802,0.845144923,0.417757825,Normal
5,out/5LabelMapVolume_1out.nrrd,"(512, 512, 1)",147.3516769,0,1632,991,308.2421796,310,154,405,1535.755678,-0.508221884,3.79119483,0.080995863,4.136166222,0.777943506,0.521794034,0.897658511,3.400389447,Normal
5,out/5LabelMapVolume_2out.nrrd,"(512, 512, 1)",147.3516769,0,1632,990,287.8878788,289,211,342,552.2349036,-0.457129686,3.110719783,0.170661379,3.106053378,0.848686441,0.309023707,0.838252228,17.84211146,Grasa
5,out/5LabelMapVolume_3out.nrrd,"(512, 512, 1)",147.3516769,0,1632,990,207.4424242,213,104,282,1958.788099,-0.451539181,2.20023586,0.076155071,4.106208516,0.796082304,0.46841664,0.92799813,16.76035124,Grasa
5,out/5LabelMapVolume_4out.nrrd,"(512, 512, 1)",147.3516769,0,1632,996,307.2158635,318,134,383,1850.65521,-1.283602803,4.749015141,0.10580856,4.042895499,0.784216936,0.567865461,0.908314799,3.028618773,Normal
5,out/5LabelMapVolume_5out.nrrd,"(512, 512, 1)",147.3516769,0,1632,992,288.8709677,294,179,376,1645.678915,-0.318456891,2.686027529,0.072738616,4.227809655,0.76922276,0.556417978,0.895142944,20.28901931,Grasa
5,out/5LabelMapVolume_6out.nrrd,"(512, 512, 1)",147.3516769,0,1632,992,204.077621,215,88,300,1774.309499,-0.689653888,2.732669966,0.089717367,4.158345774,0.762935701,0.599611093,0.898306158,16.98301246,Grasa
5,out/5LabelMapVolume_7out.nrrd,"(512, 512, 1)",147.3516769,0,1632,991,306.7911201,310,204,384,1309.487146,-0.25254005,2.337152424,0.082840225,4.027321139,0.785942822,0.498239746,0.887107186,15.31498158,Grasa
5,out/5LabelMapVolume_8out.nrrd,"(512, 512, 1)",147.3516769,0,1632,991,239.7477296,235,135,350,1154.592263,0.473845549,3.409601355,0.097888592,3.993293466,0.768037325,0.588057749,0.85035103,10.76188855,Grasa
6,out/6LabelMapVolume_1out.nrrd,"(256, 256, 1)",160.7776489,0,1493,307,223.7654723,224,163,285,569.3326189,-0.05903814,2.516858218,0.090376817,3.855056947,0.667741611,1.055918901,0.48010697,6.005984751,Grasa
6,out/6LabelMapVolume_2out.nrrd,"(256, 256, 1)",160.7776489,0,1493,307,212.5700326,214,151,267,390.4144765,-0.243953917,2.897127431,0.122307574,3.477529252,0.67599267,0.972141628,0.316245593,7.253802656,Grasa
6,out/6LabelMapVolume_3out.nrrd,"(256, 256, 1)",160.7776489,0,1493,309,183.8187702,182,88,323,1160.329615,0.4368968,4.161030802,0.073417773,4.601197984,0.584270477,2.202827381,0.436149324,5.20433776,Grasa
6,out/6LabelMapVolume_4out.nrrd,"(256, 256, 1)",160.7776489,0,1493,306,234.9084967,236,126,301,1001.775941,-0.412488009,3.08814192,0.078400027,4.089563545,0.70488122,0.839047234,0.747175873,6.974507944,Grasa
6,out/6LabelMapVolume_5out.nrrd,"(256, 256, 1)",160.7776489,0,1493,305,231.3147541,230,160,287,538.2484708,0.064914663,2.788743824,0.1196831,3.506599389,0.735882914,0.657570557,0.628909444,7.530541877,Grasa
6,out/6LabelMapVolume_6out.nrrd,"(256, 256, 1)",160.7776489,0,1493,307,231.5179153,229,171,302,737.8197116,0.266430321,2.515915616,0.086620137,3.899929809,0.690681441,0.868981738,0.647426422,5.336273386,Grasa
6,out/6LabelMapVolume_7out.nrrd,"(256, 256, 1)",160.7776489,0,1493,305,276.9868852,278,191,363,1419.580156,0.050247156,2.31921664,0.056529738,4.506830743,0.668220975,1.015985271,0.778852071,5.564343284,Grasa
6,out/6LabelMapVolume_8out.nrrd,"(256, 256, 1)",160.7776489,0,1493,308,178.224026,177,119,260,452.0504617,0.420278473,3.912834327,0.124735208,3.497097555,0.680423691,0.943535898,0.398846285,5.373043139,Grasa
7,out/7LabelMapVolume_1out.nrrd,"(512, 512, 1)",117.0761108,0,860,2024,204.1837945,203,132,289,453.7083145,0.343298076,3.565659564,0.14469479,3.29435144,0.775454032,0.501968071,0.695716748,1.404894163,Normal
7,out/7LabelMapVolume_2out.nrrd,"(512, 512, 1)",117.0761108,0,860,2022,250.6181998,251,165,347,835.1203018,0.103309765,2.852783779,0.103187182,3.725052904,0.776211146,0.504779592,0.815084374,1.915011186,Normal
7,out/7LabelMapVolume_3out.nrrd,"(512, 512, 1)",117.0761108,0,860,2023,240.1997034,237,159,533,1224.231003,3.128717547,21.08133935,0.126433511,3.738274009,0.744859121,0.824305326,0.798588545,0.715871459,Normal
7,out/7LabelMapVolume_4out.nrrd,"(512, 512, 1)",117.0761108,0,860,2021,281.0247402,265,144,645,4837.734173,2.274716214,9.888439393,0.060324318,5.025580098,0.676290146,1.363196681,0.914226837,1.452327317,Normal
7,out/7LabelMapVolume_5out.nrrd,"(512, 512, 1)",117.0761108,0,860,2024,263.7791502,258.5,174,414,1768.147372,0.321479198,2.372139172,0.063700868,4.369245708,0.750676198,0.625908211,0.892377882,1.513708853,Normal
7,out/7LabelMapVolume_6out.nrrd,"(512, 512, 1)",117.0761108,0,860,2022,360.553907,356,255,556,1577.842544,0.555965929,3.727890271,0.069309124,4.355774411,0.736615483,0.73071509,0.857486223,1.379902747,Normal
7,out/7LabelMapVolume_7out.nrrd,"(512, 512, 1)",117.0761108,0,860,2021,239.0786739,247,47,467,2678.384211,-0.517845624,4.575959955,0.050370421,4.888321788,0.682419901,0.992049436,0.883463916,2.065514213,Normal
7,out/7LabelMapVolume_8out.nrrd,"(512, 512, 1)",117.0761108,0,860,2022,254.7388724,256,56,454,4074.843781,-0.087520097,4.068209793,0.040580658,5.308340187,0.652228575,1.18174333,0.90874716,2.307320745,Normal
8,out/8LabelMapVolume_1out.nrrd,"(256, 256, 1)",96.57841492,0,1017,274,96.12408759,94.5,68,165,162.7145293,1.238335695,6.964380156,0.342974155,2.156607768,0.849591511,0.341761105,0.473866789,2.33783556,Normal
8,out/8LabelMapVolume_2out.nrrd,"(256, 256, 1)",96.57841492,0,1017,274,85.81751825,85,51,113,126.3097661,0.113682708,2.684431117,0.360979237,2.076358087,0.856638345,0.286723311,0.492408433,0.480152245,Normal
8,out/8LabelMapVolume_3out.nrrd,"(256, 256, 1)",96.57841492,0,1017,274,82.84306569,79,44,172,446.8038388,1.701776972,6.709455119,0.201974671,2.941433779,0.771121902,0.619070532,0.603392564,0.249822542,Normal
8,out/8LabelMapVolume_4out.nrrd,"(256, 256, 1)",96.57841492,0,1017,274,117.1167883,115,65,174,283.7746817,0.35514332,3.269129989,0.258212404,2.566125019,0.841646903,0.365063352,0.58748159,1.509568328,Normal
8,out/8LabelMapVolume_5out.nrrd,"(256, 256, 1)",96.57841492,0,1017,274,185.1642336,186,129,243,445.1372609,0.156356145,2.44394313,0.167150519,2.99323939,0.828515912,0.362480371,0.766371809,0.167166088,Normal
8,out/8LabelMapVolume_6out.nrrd,"(256, 256, 1)",96.57841492,0,1017,274,146.9343066,144,111,193,248.7402099,0.334470938,2.417484972,0.254254098,2.527688492,0.835224908,0.356110106,0.585036863,0.24246529,Normal
8,out/8LabelMapVolume_7out.nrrd,"(256, 256, 1)",96.57841492,0,1017,275,86.12,82,42,153,506.7892364,0.600693432,2.892184173,0.144502957,3.244124677,0.781925942,0.5151623,0.72752107,14.64407477,Grasa
8,out/8LabelMapVolume_8out.nrrd,"(256, 256, 1)",96.57841492,0,1017,276,58.14492754,59,26,83,111.305083,-0.254301039,2.674986804,0.40622518,1.84444743,0.862333076,0.280172558,0.380224708,0.446378994,Normal
9,out/9LabelMapVolume_1out.nrrd,"(512, 512, 1)",97.69027328,0,1711,819,139.010989,139,105,193,186.1232004,0.164017049,3.028695683,0.337877232,2.13605298,0.902323271,0.195353458,0.740744958,6.073121406,Grasa
9,out/9LabelMapVolume_2out.nrrd,"(512, 512, 1)",97.69027328,0,1711,820,103.497561,103,81,146,76.82804283,0.738511747,4.396827082,0.358979756,1.811674621,0.891884351,0.216231298,0.576018694,6.251690789,Grasa
9,out/9LabelMapVolume_3out.nrrd,"(512, 512, 1)",97.69027328,0,1711,818,110.2066015,105,68,241,554.6993696,2.850286817,12.78079735,0.293804218,2.59714803,0.843559774,0.349342968,0.824364318,6.443364161,Grasa
9,out/9LabelMapVolume_4out.nrrd,"(512, 512, 1)",97.69027328,0,1711,819,104.6593407,105,69,142,154.661729,-0.036301291,3.268201986,0.330264336,2.124603489,0.881485836,0.237028329,0.648629612,6.100885876,Grasa
9,out/9LabelMapVolume_5out.nrrd,"(512, 512, 1)",97.69027328,0,1711,819,240.3321123,247,147,306,1301.066747,-0.158201096,1.800213839,0.105869582,3.656515195,0.829253554,0.375553711,0.912384651,2.917621706,Normal
9,out/9LabelMapVolume_6out.nrrd,"(512, 512, 1)",97.69027328,0,1711,819,147.6581197,146,109,203,224.5961825,0.374143137,3.127716925,0.312582063,2.19025441,0.898522936,0.205288759,0.741114051,5.900342863,Grasa
9,out/9LabelMapVolume_7out.nrrd,"(512, 512, 1)",97.69027328,0,1711,818,129.6344743,130,99,168,141.1438971,-0.049932911,2.579615926,0.331025637,2.014289731,0.87773765,0.246083142,0.575234339,6.596824632,Grasa
9,out/9LabelMapVolume_8out.nrrd,"(512, 512, 1)",97.69027328,0,1711,820,23.00731707,22,6,59,68.16580012,0.882770454,3.888480209,0.326391136,1.845708892,0.85317778,0.295196833,0.390776949,9.118894057,Grasa
10,out/10LabelMapVolume_1out.nrrd,"(512, 512, 1)",88.09988785,0,1055,991,110.6569122,111,81,145,117.3716954,-0.049960211,2.819821921,0.426696499,1.872736731,0.884809321,0.232299654,0.528432406,0.829600796,Normal
10,out/10LabelMapVolume_2out.nrrd,"(512, 512, 1)",88.09988785,0,1055,992,145.3629032,145,107,187,186.0275754,0.122178284,2.62791036,0.297452871,2.223639942,0.876852812,0.248211309,0.656421456,0.323342265,Normal
10,out/10LabelMapVolume_3out.nrrd,"(512, 512, 1)",88.09988785,0,1055,991,131.4561049,134,74,179,447.2228462,-0.335635524,2.532530699,0.188905988,2.850442665,0.867431368,0.265137263,0.83200156,2.063246641,Normal
10,out/10LabelMapVolume_4out.nrrd,"(512, 512, 1)",88.09988785,0,1055,990,102.2383838,102,74,133,78.98963779,-0.052209509,3.026323919,0.344201185,1.799277554,0.877527081,0.244945839,0.495409928,0.430060606,Normal
10,out/10LabelMapVolume_5out.nrrd,"(512, 512, 1)",88.09988785,0,1055,990,104.5060606,106,71,130,132.5226905,-0.365562854,2.616688583,0.364203996,1.899461003,0.894125079,0.2123895,0.614774005,0.031118048,Normal
10,out/10LabelMapVolume_6out.nrrd,"(512, 512, 1)",88.09988785,0,1055,992,115.84375,114,76,158,207.6540134,0.439940262,2.922216875,0.32496404,2.248092026,0.886703299,0.227871357,0.71320367,3.370311632,Normal
10,out/10LabelMapVolume_7out.nrrd,"(512, 512, 1)",88.09988785,0,1055,990,122.0656566,122,79,155,124.6512448,0.001718508,3.675725707,0.317806121,2.026792197,0.879849074,0.24094151,0.600028486,0.540518639,Normal
10,out/10LabelMapVolume_8out.nrrd,"(512, 512, 1)",88.09988785,0,1055,988,132.9230769,133,96,175,139.4961071,0.002286258,2.722596804,0.352207395,2.04492081,0.886823743,0.226352513,0.634367593,0.618050267,Normal
11,out/11LabelMapVolume_1out.nrrd,"(512, 512, 1)",78.86687088,0,1349,943,137.5196182,138,97,182,305.7957445,0.024239229,2.165150735,0.239085942,2.39998112,0.905780155,0.188439689,0.836682729,0.908156271,Normal
11,out/11LabelMapVolume_2out.nrrd,"(512, 512, 1)",78.86687088,0,1349,944,124.5815678,123,85,171,302.3958891,0.157263903,2.337487616,0.270312193,2.399927465,0.897287271,0.205425458,0.799519759,2.247030799,Normal
11,out/11LabelMapVolume_3out.nrrd,"(512, 512, 1)",78.86687088,0,1349,943,136.2566278,135,97,190,235.6944815,0.239230221,2.898363625,0.302884105,2.27478463,0.897315381,0.205369238,0.762743054,2.130647037,Normal
11,out/11LabelMapVolume_4out.nrrd,"(512, 512, 1)",78.86687088,0,1349,942,103.9660297,104,84,127,48.34916449,0.021451756,2.963082862,0.455697222,1.504067175,0.900787285,0.198425431,0.487688295,0.185360391,Normal
11,out/11LabelMapVolume_5out.nrrd,"(512, 512, 1)",78.86687088,0,1349,945,119.4888889,118,91,150,113.1832099,0.313441476,2.821951596,0.398915552,1.741906278,0.902755763,0.194488475,0.598414484,0.025094313,Normal
11,out/11LabelMapVolume_6out.nrrd,"(512, 512, 1)",78.86687088,0,1349,942,93.99363057,94,69,115,52.55834584,-0.00212839,2.661414354,0.479310818,1.481001747,0.90375053,0.192498941,0.481421739,0.271968474,Normal
11,out/11LabelMapVolume_7out.nrrd,"(512, 512, 1)",78.86687088,0,1349,945,98.85608466,99,64,133,130.5888122,0.089912152,3.199445128,0.287976278,2.128945621,0.867828044,0.265015054,0.584546445,1.933669153,Normal
11,out/11LabelMapVolume_8out.nrrd,"(512, 512, 1)",78.86687088,0,1349,941,92.00743889,92,64,124,110.7108905,0.028504949,2.830486822,0.42152672,1.792197829,0.90406217,0.19187566,0.617656138,1.211553023,Normal
12,out/12LabelMapVolume_1out.nrrd,"(512, 512, 1)",180.3893356,0,1733,992,172.6582661,174,121,238,284.4245486,-0.150318476,3.345924827,0.237376471,2.542801993,0.863388143,0.273862692,0.733256006,4.869856604,Normal
12,out/12LabelMapVolume_2out.nrrd,"(512, 512, 1)",180.3893356,0,1733,990,145.6040404,145,95,218,327.9139231,0.35263109,3.632171052,0.224446897,2.718740697,0.850116567,0.306155434,0.73544318,0.706208951,Normal
12,out/12LabelMapVolume_3out.nrrd,"(512, 512, 1)",180.3893356,0,1733,993,209.9305136,210,158,253,189.3254838,0.024914066,3.449214922,0.344056432,2.19940645,0.881352518,0.242389287,0.65940833,0.806107672,Normal
12,out/12LabelMapVolume_4out.nrrd,"(512, 512, 1)",180.3893356,0,1733,992,241.421371,242,192,305,322.7881723,0.207262761,2.682515258,0.177062987,2.873767636,0.824632616,0.366666388,0.711702688,0.394711969,Normal
12,out/12LabelMapVolume_5out.nrrd,"(512, 512, 1)",180.3893356,0,1733,990,180.2454545,182,115,216,247.5084389,-0.767556345,3.831207984,0.286900445,2.441476345,0.853259253,0.299238423,0.661959767,0.790916338,Normal
12,out/12LabelMapVolume_6out.nrrd,"(512, 512, 1)",180.3893356,0,1733,991,211.1099899,212,170,248,186.9757932,-0.376378814,3.072402638,0.289091566,2.387624359,0.846635471,0.31184088,0.598937261,0.732230142,Normal
12,out/12LabelMapVolume_7out.nrrd,"(512, 512, 1)",180.3893356,0,1733,991,216.0322906,213,179,264,329.2280189,0.457479387,2.408760021,0.223332271,2.641062181,0.866243427,0.267513146,0.778212013,0.163329335,Normal
12,out/12LabelMapVolume_8out.nrrd,"(512, 512, 1)",180.3893356,0,1733,991,238.4117053,236,188,305,387.3602666,0.289743274,2.610930511,0.188685455,2.83370314,0.849477593,0.304242427,0.775108859,0.230672562,Normal
13,out/13LabelMapVolume_1out.nrrd,"(512, 512, 1)",225.0216103,0,2905,899,187.4627364,182,82,285,1998.960514,0.150413753,1.978386761,0.064093868,4.313519672,0.765985934,0.539955046,0.916716858,3.466730213,Normal
13,out/13LabelMapVolume_2out.nrrd,"(512, 512, 1)",225.0216103,0,2905,898,262.0812918,262,148,339,1046.054639,-0.228688728,2.804786393,0.095151937,3.820500932,0.78436648,0.476381918,0.858134289,1.492172664,Normal
13,out/13LabelMapVolume_3out.nrrd,"(512, 512, 1)",225.0216103,0,2905,900,216.7588889,218,133,296,514.3296432,-0.267126398,3.477874773,0.14687019,3.286620392,0.793318827,0.456293746,0.743144789,1.889920719,Normal
13,out/13LabelMapVolume_4out.nrrd,"(512, 512, 1)",225.0216103,0,2905,898,254.674833,257,128,323,600.8809034,-1.026350413,6.203711584,0.163224284,3.217944667,0.805518369,0.443903075,0.765672499,2.326978802,Normal
13,out/13LabelMapVolume_5out.nrrd,"(512, 512, 1)",225.0216103,0,2905,898,207.7060134,209,140,251,338.1652422,-0.395044499,3.066726854,0.195487256,2.835501287,0.820507018,0.377345297,0.676482025,2.562943068,Normal
13,out/13LabelMapVolume_6out.nrrd,"(512, 512, 1)",225.0216103,0,2905,899,250.2157953,250,190,317,531.003488,0.092988742,2.525945518,0.133067395,3.302585948,0.797524986,0.432410812,0.766897249,1.818903035,Normal
13,out/13LabelMapVolume_7out.nrrd,"(512, 512, 1)",225.0216103,0,2905,898,198.188196,200,122,238,391.0703729,-0.66716402,3.638609193,0.16980443,3.07395308,0.78860764,0.465823729,0.671950325,1.786583111,Normal
13,out/13LabelMapVolume_8out.nrrd,"(512, 512, 1)",225.0216103,0,2905,900,164.7022222,174,62,223,1040.851328,-1.093376158,3.552195563,0.13462395,3.562544657,0.796834613,0.44504053,0.87451378,2.601831441,Normal
14,out/14LabelMapVolume_1out.nrrd,"(512, 512, 1)",123.2140388,0,1117,496,168.9798387,170,118,198,247.8907226,-0.547223358,3.187850571,0.267458116,2.33180707,0.871488087,0.258331016,0.709005686,0.390464447,Normal
14,out/14LabelMapVolume_2out.nrrd,"(512, 512, 1)",123.2140388,0,1117,494,210.8319838,209,167,260,243.2167098,0.208866403,2.579746631,0.24872781,2.418901008,0.868430773,0.263138454,0.709957522,1.937263484,Normal
14,out/14LabelMapVolume_3out.nrrd,"(512, 512, 1)",123.2140388,0,1117,496,140.1814516,140,115,166,77.71707531,-0.091860516,2.897841813,0.576837385,1.39161138,0.917242039,0.165515923,0.474680628,0.706449117,Normal
14,out/14LabelMapVolume_4out.nrrd,"(512, 512, 1)",123.2140388,0,1117,497,173.0623742,171,147,210,166.2999324,0.199112224,2.188302236,0.363543643,1.831046959,0.922816856,0.154366288,0.741360066,2.715300546,Normal
14,out/14LabelMapVolume_5out.nrrd,"(512, 512, 1)",123.2140388,0,1117,493,129.8701826,130,108,152,64.2630663,-0.125542085,2.558240316,0.431408407,1.599296347,0.892564404,0.214871192,0.474496243,1.10296143,Normal
14,out/14LabelMapVolume_6out.nrrd,"(512, 512, 1)",123.2140388,0,1117,497,124.9979879,125,103,150,72.53721929,0.204931631,2.702925711,0.320828172,1.810501033,0.881659628,0.236680744,0.534507664,0.688011867,Normal
14,out/14LabelMapVolume_7out.nrrd,"(512, 512, 1)",123.2140388,0,1117,496,154.6370968,157,107,188,246.6424948,-0.598808206,2.961515295,0.319392368,2.272039728,0.894304223,0.211391554,0.766308784,1.414486707,Normal
14,out/14LabelMapVolume_8out.nrrd,"(512, 512, 1)",123.2140388,0,1117,495,118.6363636,119,94,139,61.60514233,-0.155536496,3.405010902,0.501133316,1.517116396,0.909218722,0.181562555,0.51633977,1.199323304,Normal
15,out/15LabelMapVolume_1out.nrrd,"(256, 256, 1)",88.64141846,0,962,305,172.1967213,172,125,214,205.0104811,-0.034853728,2.876996327,0.237913015,2.485341712,0.826606464,0.372751555,0.524645447,21.7332078,Grasa
15,out/15LabelMapVolume_2out.nrrd,"(256, 256, 1)",88.64141846,0,962,306,207.9771242,207,119,256,381.5648362,-0.379219811,4.602706746,0.173902587,2.934685301,0.800111787,0.423481538,0.661441555,17.61544664,Grasa
15,out/15LabelMapVolume_3out.nrrd,"(256, 256, 1)",88.64141846,0,962,304,223.8585526,221,182,281,444.8648611,0.421378043,2.549962117,0.171753442,3.023258467,0.821081272,0.375168648,0.758001413,15.60585901,Grasa
15,out/15LabelMapVolume_4out.nrrd,"(256, 256, 1)",88.64141846,0,962,304,145.1348684,147,86,174,152.728521,-1.357918173,6.880268911,0.251886684,2.339763682,0.799404958,0.420695629,0.412170796,19.7348696,Grasa
15,out/15LabelMapVolume_5out.nrrd,"(256, 256, 1)",88.64141846,0,962,309,106.5307443,107,45,156,637.1552037,-0.202864856,2.015698202,0.14488143,3.32260957,0.797172619,0.505654762,0.779623883,3.5410221,Normal
15,out/15LabelMapVolume_6out.nrrd,"(256, 256, 1)",88.64141846,0,962,307,169.7035831,170,140,202,131.5701175,-0.174548098,2.816883867,0.282651245,2.229932676,0.823262439,0.357731297,0.41616327,18.89238913,Grasa
15,out/15LabelMapVolume_7out.nrrd,"(256, 256, 1)",88.64141846,0,962,308,209.1331169,210,176,244,203.4140981,0.030160737,2.503354324,0.235039352,2.468415934,0.815937957,0.37881683,0.513772257,16.10810811,Grasa
15,out/15LabelMapVolume_8out.nrrd,"(256, 256, 1)",88.64141846,0,962,306,226.124183,226,151,273,437.6381734,-0.377248114,3.428239123,0.149137219,3.158467575,0.808260498,0.4199981,0.743359078,17.22038574,Grasa
16,out/16LabelMapVolume_1out.nrrd,"(256, 256, 1)",128.0128784,0,1303,307,333.6807818,327,221,450,2094.243377,0.383212295,2.571962645,0.040494748,5.008907263,0.59042601,1.598197666,0.753764746,0.811476708,Normal
16,out/16LabelMapVolume_2out.nrrd,"(256, 256, 1)",128.0128784,0,1303,309,433.7864078,423,308,579,3497.883181,0.419709877,2.283375799,0.030857836,5.419406786,0.565428046,1.862053571,0.830787359,1.253736634,Normal
16,out/16LabelMapVolume_3out.nrrd,"(256, 256, 1)",128.0128784,0,1303,306,277.5915033,279,206,363,977.9017579,0.089030245,2.552535961,0.064380048,4.361232941,0.648544893,1.242558885,0.624415695,0.882929557,Normal
16,out/16LabelMapVolume_4out.nrrd,"(256, 256, 1)",128.0128784,0,1303,306,192.7745098,191,149,251,338.5798731,0.389522699,3.072796605,0.158298244,3.096809273,0.743612885,0.590139103,0.510698135,0.419227901,Normal
16,out/16LabelMapVolume_5out.nrrd,"(256, 256, 1)",128.0128784,0,1303,307,249.4788274,262,103,342,2363.102972,-0.740003291,2.951246769,0.047802721,4.816355646,0.639429878,1.254411802,0.831131314,0.919524853,Normal
16,out/16LabelMapVolume_6out.nrrd,"(256, 256, 1)",128.0128784,0,1303,307,197.8892508,199,136,246,342.5479952,-0.402098514,3.343027805,0.144083783,3.221487397,0.705881798,0.750635156,0.395914546,1.001807512,Normal
16,out/16LabelMapVolume_7out.nrrd,"(256, 256, 1)",128.0128784,0,1303,307,219.8078176,218,166,279,517.2953135,0.131596386,2.600014565,0.115481492,3.460558161,0.731528274,0.635439201,0.643484689,1.060903824,Normal
16,out/16LabelMapVolume_8out.nrrd,"(256, 256, 1)",128.0128784,0,1303,308,215.4318182,220,117,278,857.6349616,-0.788370098,3.914476606,0.092744465,3.986636403,0.666567096,1.035214937,0.652902092,0.10792304,Normal
17,out/17LabelMapVolume_1out.nrrd,"(512, 512, 1)",154.5325737,0,1213,1224,296.9403595,299,181,370,718.0086979,-0.385898317,4.244201144,0.1353187,3.476004188,0.80555658,0.427877017,0.825206579,0.02238507,Normal
17,out/17LabelMapVolume_2out.nrrd,"(512, 512, 1)",154.5325737,0,1213,1224,113.1013072,103,29,279,2055.133528,0.889271403,3.608287179,0.066634859,4.50787226,0.717653866,0.772379265,0.881661131,1.544968144,Normal
17,out/17LabelMapVolume_3out.nrrd,"(512, 512, 1)",154.5325737,0,1213,1223,263.5584628,265,171,347,983.319354,-0.221389722,2.800489737,0.083550584,4.025902612,0.736523814,0.668158881,0.798616974,2.88081862,Normal
17,out/17LabelMapVolume_4out.nrrd,"(512, 512, 1)",154.5325737,0,1213,1222,337.589198,339,82,459,2638.844335,-0.447054316,4.128948203,0.041935327,5.12789749,0.652679836,1.342021196,0.83938856,3.684573769,Normal
17,out/17LabelMapVolume_5out.nrrd,"(512, 512, 1)",154.5325737,0,1213,1223,142.2248569,139,23,337,3233.821067,0.407349419,2.723358275,0.026342565,5.60189346,0.550348831,2.115377991,0.794853254,21.83973362,Grasa
17,out/17LabelMapVolume_6out.nrrd,"(512, 512, 1)",154.5325737,0,1213,1224,422.4403595,425,344,501,867.3624561,-0.246359458,2.630691162,0.115253976,3.577322603,0.808751001,0.409724896,0.855355881,0.091914805,Normal
17,out/17LabelMapVolume_7out.nrrd,"(512, 512, 1)",154.5325737,0,1213,1223,267.0834015,271,133,329,778.7207629,-1.496898912,6.799949967,0.1589777,3.314356583,0.803885966,0.436409568,0.822129439,0.234165168,Normal
17,out/17LabelMapVolume_8out.nrrd,"(512, 512, 1)",154.5325737,0,1213,1221,351.3079443,353,244,427,1019.580846,-0.392143015,3.115711883,0.118369622,3.600784962,0.827219805,0.357937064,0.889128605,1.841642367,Normal
18,out/18LabelMapVolume_1out.nrrd,"(512, 320, 1)",133.4695618,0,557,1372,185.5553936,186,149,219,232.5486808,-0.073785107,2.192550691,0.264634017,2.274014731,0.902681872,0.194636255,0.795054241,2.18369419,Normal
18,out/18LabelMapVolume_2out.nrrd,"(512, 320, 1)",133.4695618,0,557,1370,187.0562044,190,111,223,266.7785929,-2.052321139,8.181557088,0.45191666,1.989787435,0.90454063,0.19915694,0.790344015,2.178181372,Normal
18,out/18LabelMapVolume_3out.nrrd,"(512, 320, 1)",133.4695618,0,557,1371,173.6666667,176,111,194,126.473134,-1.1522842,5.053278376,0.337487979,1.914830215,0.905825769,0.188348462,0.710360388,3.648257676,Normal
18,out/18LabelMapVolume_4out.nrrd,"(512, 320, 1)",133.4695618,0,557,1372,176.7441691,178,130,203,158.1014602,-0.65982529,3.145095063,0.359991918,1.902722379,0.902687273,0.194625455,0.682052083,3.290520363,Normal
18,out/18LabelMapVolume_5out.nrrd,"(512, 320, 1)",133.4695618,0,557,1372,185.6946064,187,133,221,197.5838485,-0.391546886,3.152219536,0.286000363,2.372749732,0.867258782,0.267314496,0.679368362,3.775247559,Normal
18,out/18LabelMapVolume_6out.nrrd,"(512, 320, 1)",133.4695618,0,557,1371,188.3522976,195,100,232,559.4769076,-0.957185851,3.432613368,0.184439971,2.935781352,0.849104542,0.307278863,0.836099722,3.830088686,Normal
18,out/18LabelMapVolume_7out.nrrd,"(512, 320, 1)",133.4695618,0,557,1371,222.5353756,226,161,261,452.571141,-0.656699061,2.689306452,0.239395855,2.651472614,0.899560605,0.200878791,0.869776054,1.207880935,Normal
18,out/18LabelMapVolume_8out.nrrd,"(512, 320, 1)",133.4695618,0,557,1371,196.8942378,195,160,247,170.6693395,0.661100695,3.643176308,0.377731795,1.902897151,0.912362777,0.175274446,0.726548724,1.437676041,Normal
19,out/19LabelMapVolume_1out.nrrd,"(256, 256, 1)",97.69776917,0,1061,307,163.6742671,163,112,205,227.5746798,-0.177952596,3.507538974,0.250204637,2.611143927,0.798602198,0.454255759,0.455125473,0.144989339,Normal
19,out/19LabelMapVolume_2out.nrrd,"(256, 256, 1)",97.69776917,0,1061,305,170.3344262,171,133,208,131.9799624,-0.15285059,3.195601982,0.236632475,2.361126598,0.768573608,0.497292143,0.215765498,2.147956747,Normal
19,out/19LabelMapVolume_3out.nrrd,"(256, 256, 1)",97.69776917,0,1061,307,140.1954397,144,62,172,369.414572,-1.209548977,4.638730031,0.167314661,3.012777339,0.734798385,0.656896161,0.526316541,0.051304342,Normal
19,out/19LabelMapVolume_4out.nrrd,"(256, 256, 1)",97.69776917,0,1061,306,129.9934641,131,69,188,446.7450553,-0.252034971,3.267132383,0.140167501,3.404780154,0.733443362,0.702664664,0.557939488,2.997816089,Normal
19,out/19LabelMapVolume_5out.nrrd,"(256, 256, 1)",97.69776917,0,1061,306,245.8464052,244.5,153,330,927.1365394,-0.068691266,2.668474504,0.091212726,3.912153212,0.739181988,0.739252011,0.749131122,1.559538306,Normal
19,out/19LabelMapVolume_6out.nrrd,"(256, 256, 1)",97.69776917,0,1061,306,279.3496732,280,183,345,854.9659639,-0.325302778,3.158549319,0.09976121,3.791445449,0.723305079,0.718540936,0.716792069,3.793452515,Normal
19,out/19LabelMapVolume_7out.nrrd,"(256, 256, 1)",97.69776917,0,1061,306,201.0359477,202,158,242,215.9496882,-0.063381,2.715708562,0.226100142,2.556909869,0.8066749,0.429545886,0.461532646,1.881596944,Normal
19,out/19LabelMapVolume_8out.nrrd,"(256, 256, 1)",97.69776917,0,1061,304,181.7335526,186,93,247,707.971769,-0.61541209,3.111346165,0.097448488,3.818682213,0.683870697,0.889010883,0.612844137,1.464343516,Normal
20,out/20LabelMapVolume_1out.nrrd,"(512, 512, 1)",235.2506371,0,2589,990,535.930303,556,332,658,4439.878981,-1.051080327,3.280092498,0.043311267,5.233669501,0.620615011,1.486475267,0.895784506,3.120517001,Normal
20,out/20LabelMapVolume_2out.nrrd,"(512, 512, 1)",235.2506371,0,2589,991,534.7971746,543,361,645,1795.941707,-0.911880624,3.852719032,0.062390118,4.631331375,0.67656912,1.11901094,0.806427031,3.968159697,Normal
20,out/20LabelMapVolume_3out.nrrd,"(512, 512, 1)",235.2506371,0,2589,992,537.0514113,550,344,625,2963.087075,-0.753584389,2.877151183,0.056221602,4.808421885,0.695500899,0.991057101,0.895608474,5.43810883,Grasa
20,out/20LabelMapVolume_4out.nrrd,"(512, 512, 1)",235.2506371,0,2589,991,536.7336024,553,241,631,3881.35991,-2.518982514,9.862352711,0.097683257,4.343177499,0.726564605,0.890089646,0.927757659,6.843842014,Grasa
20,out/20LabelMapVolume_5out.nrrd,"(512, 512, 1)",235.2506371,0,2589,991,499.7749748,502,274,1094,6269.431705,2.368161553,19.68952917,0.046382958,5.240059694,0.608866028,2.933797178,0.846536301,6.362428249,Grasa
20,out/20LabelMapVolume_6out.nrrd,"(512, 512, 1)",235.2506371,0,2589,988,534.8178138,535,455,600,555.3493993,-0.280218377,3.219450316,0.121362956,3.53819342,0.747086925,0.601009962,0.69389973,6.485606887,Grasa
20,out/20LabelMapVolume_7out.nrrd,"(512, 512, 1)",235.2506371,0,2589,990,501.4727273,504,300,661,3489.845216,-0.497364876,3.367190552,0.038183225,5.313103361,0.653134188,1.269624825,0.888384339,4.663287853,Normal
20,out/20LabelMapVolume_8out.nrrd,"(512, 512, 1)",235.2506371,0,2589,992,515.6441532,515,409,608,1050.001397,0.151773017,2.807523919,0.073686089,4.187400233,0.698935889,0.814619965,0.761223969,5.396278381,Grasa
21,out/21LabelMapVolume_1out.nrrd,"(640, 520, 1)",81.37288161,0,433,1715,90.60408163,90,57,135,235.3365431,0.241237512,2.49963183,0.321250078,2.151732799,0.927835332,0.144329336,0.842885458,23.69539719,Grasa
21,out/21LabelMapVolume_2out.nrrd,"(640, 520, 1)",81.37288161,0,433,1717,90.93476995,88,61,131,173.661441,0.779342566,3.268734903,0.471525033,1.724245845,0.93553231,0.128935379,0.776982255,22.2192283,Grasa
21,out/21LabelMapVolume_3out.nrrd,"(640, 520, 1)",81.37288161,0,433,1715,82.13702624,82,59,103,54.54623839,-0.065608501,2.791923314,0.635998032,1.118442979,0.949436955,0.101126091,0.639830853,25.82926255,Grasa
21,out/21LabelMapVolume_4out.nrrd,"(640, 520, 1)",81.37288161,0,433,1716,79.69055944,79,47,106,72.40249829,0.197307613,3.509181899,0.448393182,1.617923598,0.928795616,0.142408768,0.702241214,23.04088661,Grasa
21,out/21LabelMapVolume_5out.nrrd,"(640, 520, 1)",81.37288161,0,433,1717,110.4088526,113,70,148,272.4245693,-0.340931309,2.364815965,0.306470564,2.133059618,0.931698149,0.136603702,0.858486169,4.100670974,Normal
21,out/21LabelMapVolume_6out.nrrd,"(640, 520, 1)",81.37288161,0,433,1715,92.28688047,93,60,122,115.2844634,-0.167117578,2.701411227,0.412609565,1.779858767,0.916409717,0.167180566,0.689922417,23.46445803,Grasa
21,out/21LabelMapVolume_7out.nrrd,"(640, 520, 1)",81.37288161,0,433,1716,89.997669,89,64,121,75.14801321,0.450863857,3.185781466,0.648411179,1.136979782,0.947224899,0.105550201,0.610803536,24.14780366,Grasa
21,out/21LabelMapVolume_8out.nrrd,"(640, 520, 1)",81.37288161,0,433,1716,80.51515152,80,63,111,51.79639048,0.395183826,3.402863121,0.514861189,1.427379744,0.917164154,0.165671693,0.540410759,27.18805957,Grasa
22,out/22LabelMapVolume_1out.nrrd,"(512, 320, 1)",129.6444275,0,592,1294,225.8438949,229,179,254,199.8937147,-1.105494884,3.956154067,0.374789044,2.01235775,0.909580328,0.180839344,0.787833169,0.692907518,Normal
22,out/22LabelMapVolume_2out.nrrd,"(512, 320, 1)",129.6444275,0,592,1295,212.5405405,215,116,252,309.5116769,-1.612314708,8.421299932,0.325523582,2.379903126,0.887276261,0.2399762,0.797056017,0.071853974,Normal
22,out/22LabelMapVolume_3out.nrrd,"(512, 320, 1)",129.6444275,0,592,1294,129.8462133,128,113,161,58.29396943,1.091370791,4.445645306,0.4962596,1.498640256,0.931145661,0.137708677,0.671015157,0.106821186,Normal
22,out/22LabelMapVolume_4out.nrrd,"(512, 320, 1)",129.6444275,0,592,1294,141.8230294,140,120,178,117.7978931,0.53445433,2.556759521,0.509162793,1.439819589,0.948246203,0.103507594,0.765689565,0.133975284,Normal
22,out/22LabelMapVolume_5out.nrrd,"(512, 320, 1)",129.6444275,0,592,1296,238.4876543,240,193,265,167.7297859,-0.789790944,3.617614561,0.395048878,1.975954263,0.91390739,0.17218522,0.744660916,0.538896777,Normal
22,out/22LabelMapVolume_6out.nrrd,"(512, 320, 1)",129.6444275,0,592,1295,249.3814672,257,162,281,443.6583438,-1.399868555,4.685647101,0.353549858,2.282881974,0.906630008,0.189657326,0.869400668,0.756727712,Normal
22,out/22LabelMapVolume_7out.nrrd,"(512, 320, 1)",129.6444275,0,592,1295,238.2223938,249,101,270,1015.857877,-2.359462581,8.437214824,0.243578205,2.768836698,0.862550531,0.294285577,0.912851296,0.505645849,Normal
22,out/22LabelMapVolume_8out.nrrd,"(512, 320, 1)",129.6444275,0,592,1296,221.2476852,227,139,260,462.5705965,-1.424104467,5.051840811,0.297768644,2.528493505,0.887251824,0.233736787,0.858387495,0.450373781,Normal
23,out/23LabelMapVolume_1out.nrrd,"(480, 480, 1)",304.0746611,0,2082.821978,501,540.4133404,533.8879121,362.5164835,738.2153846,4756.900536,0.107660354,2.600472732,0.014042054,6.525553805,0.39417167,6.824962688,0.562289776,10.6956356,Grasa
23,out/23LabelMapVolume_2out.nrrd,"(480, 480, 1)",304.0746611,0,2082.821978,502,540.1902631,540.4791209,402.0637363,698.6681319,2474.322539,0.040816537,3.138745756,0.029553756,5.670180761,0.467694782,3.961873231,0.495471992,12.26542941,Grasa
23,out/23LabelMapVolume_3out.nrrd,"(480, 480, 1)",304.0746611,0,2082.821978,500,552.8705934,553.6615385,382.2901099,731.6241758,2700.724398,-0.043478207,3.321888524,0.024861047,5.847702459,0.446829257,4.527712393,0.488910012,12.22025877,Grasa
23,out/23LabelMapVolume_4out.nrrd,"(480, 480, 1)",304.0746611,0,2082.821978,500,564.853411,563.5483516,329.5604396,764.5802198,5113.13664,-0.135380475,3.222914028,0.014196772,6.625378972,0.362831775,8.074015178,0.515035295,6.094639509,Grasa
23,out/23LabelMapVolume_5out.nrrd,"(480, 480, 1)",304.0746611,0,2082.821978,502,510.9762401,514.1142857,270.2395604,738.2153846,5792.354292,-0.188762641,3.337155705,0.011694717,6.919633331,0.321356139,12.51012018,0.346103984,11.35428216,Grasa
23,out/23LabelMapVolume_6out.nrrd,"(480, 480, 1)",304.0746611,0,2082.821978,502,514.1405455,514.1142857,237.2835165,757.989011,7425.640418,-0.100284466,3.109362858,0.009152788,7.191463822,0.283722095,15.13541523,0.365581652,9.062860291,Grasa
23,out/23LabelMapVolume_7out.nrrd,"(480, 480, 1)",304.0746611,0,2082.821978,502,425.9207609,421.8373626,204.3274725,711.8505495,6945.188929,0.320242133,3.305498326,0.010570902,7.088798855,0.292410603,16.20498585,0.262557536,18.40025166,Grasa
23,out/23LabelMapVolume_8out.nrrd,"(480, 480, 1)",304.0746611,0,2082.821978,502,510.2803555,514.1142857,184.5538462,777.7626374,7618.123393,-0.279309459,3.275360582,0.009419549,7.183635623,0.300342235,13.79925228,0.446021167,8.701043076,Grasa
24,out/24LabelMapVolume_1out.nrrd,"(640, 540, 1)",150.1842188,0,603,1716,118.5594406,118,84,154,121.8455344,0.051712969,2.718079283,0.385885672,1.824572782,0.906749329,0.186865861,0.652366615,5.236430362,Grasa
24,out/24LabelMapVolume_2out.nrrd,"(640, 540, 1)",150.1842188,0,603,1715,166.0944606,166,137,197,117.0278119,0.156739437,2.523719001,0.414410522,1.836689509,0.902154209,0.195691582,0.626235379,13.58638643,Grasa
24,out/24LabelMapVolume_3out.nrrd,"(640, 540, 1)",150.1842188,0,603,1717,145.9260338,146,108,174,107.9857928,-0.171816601,3.298572493,0.361286308,1.826788205,0.905065147,0.189869706,0.653359257,11.53735862,Grasa
24,out/24LabelMapVolume_4out.nrrd,"(640, 540, 1)",150.1842188,0,603,1716,156.2762238,156,107,219,425.7885023,0.170288952,2.762689153,0.176593836,2.961275619,0.844268514,0.314013063,0.794736382,13.69720635,Grasa
24,out/24LabelMapVolume_5out.nrrd,"(640, 540, 1)",150.1842188,0,603,1714,154.0105018,155,98,202,245.1469142,-0.365069774,3.611820117,0.251567125,2.553002457,0.850448757,0.307833298,0.675422996,5.345091528,Grasa
24,out/24LabelMapVolume_6out.nrrd,"(640, 540, 1)",150.1842188,0,603,1716,141.0367133,143,82,186,328.9293048,-0.42940086,2.829929665,0.203851017,2.741121898,0.855399521,0.291019183,0.77015745,7.298573193,Grasa
24,out/24LabelMapVolume_7out.nrrd,"(640, 540, 1)",150.1842188,0,603,1716,180.7558275,182,121,217,208.9432935,-0.753889576,4.466214503,0.31350823,2.331491904,0.869078798,0.2629353,0.687937898,17.48756702,Grasa
24,out/24LabelMapVolume_8out.nrrd,"(640, 540, 1)",150.1842188,0,603,1716,181.004662,182,132,210,134.273871,-0.625299019,3.954497528,0.416402732,1.86782339,0.902841736,0.194680827,0.655240918,13.09036661,Grasa
25,out/25LabelMapVolume_1out.nrrd,"(640, 520, 1)",134.7440685,0,486,1714,149.4264877,150,111,179,95.7475131,-0.365143806,3.736876288,0.341542259,1.844146628,0.908974324,0.182051352,0.681581116,4.655361814,Normal
25,out/25LabelMapVolume_2out.nrrd,"(640, 520, 1)",134.7440685,0,486,1717,157.3389633,160,109,193,229.0965191,-0.538328702,2.862221633,0.338862095,2.159480137,0.913736001,0.172527997,0.794908371,0.508319965,Normal
25,out/25LabelMapVolume_3out.nrrd,"(640, 520, 1)",134.7440685,0,486,1717,145.3727432,146,120,173,97.45919882,-0.091548725,2.560434635,0.404317934,1.648622187,0.925213288,0.149573424,0.700581666,3.527632858,Normal
25,out/25LabelMapVolume_4out.nrrd,"(640, 520, 1)",134.7440685,0,486,1715,135.4186589,138,86,161,139.2917801,-1.268727414,5.324282646,0.580263099,1.484837019,0.941989625,0.116020751,0.757645915,4.153999282,Normal
25,out/25LabelMapVolume_5out.nrrd,"(640, 520, 1)",134.7440685,0,486,1716,155.4341492,157,112,191,167.8027732,-0.512757941,3.386306346,0.399274481,1.967439654,0.910359959,0.179280082,0.734068815,4.602169507,Normal
25,out/25LabelMapVolume_6out.nrrd,"(640, 520, 1)",134.7440685,0,486,1715,146.051312,146,113,179,109.4061134,0.107493693,3.057786224,0.364795446,1.843002734,0.897012055,0.20597589,0.61294804,2.947183938,Normal
25,out/25LabelMapVolume_7out.nrrd,"(640, 520, 1)",134.7440685,0,486,1716,172.9452214,176,95,204,260.200962,-2.111433165,8.56012368,0.316529902,2.184742162,0.892327154,0.216438588,0.802238719,4.06702504,Normal
25,out/25LabelMapVolume_8out.nrrd,"(640, 520, 1)",134.7440685,0,486,1715,174.5475219,175,133,207,112.0483248,-0.177198135,3.349668902,0.331590933,1.890015799,0.89798471,0.204030579,0.640998222,3.875018498,Normal
26,out/26LabelMapVolume_1out.nrrd,"(640, 440, 1)",89.87474432,0,431,1717,268.3022714,276,189,302,425.0157957,-1.335628396,4.433447899,0.308660602,2.311365669,0.924101338,0.152161402,0.904822133,1.589395314,Normal
26,out/26LabelMapVolume_2out.nrrd,"(640, 440, 1)",89.87474432,0,431,1714,218.1096849,221.5,126,294,2002.927292,-0.137989232,1.628270981,0.100728721,3.717036919,0.865539094,0.275118483,0.957042412,0.351823294,Normal
26,out/26LabelMapVolume_3out.nrrd,"(640, 440, 1)",89.87474432,0,431,1715,231.8145773,244,139,271,932.5183881,-1.190213503,3.519891776,0.193669454,2.995468723,0.884525113,0.232772374,0.929589147,1.429642678,Normal
26,out/26LabelMapVolume_4out.nrrd,"(640, 440, 1)",89.87474432,0,431,1717,219.8491555,224,141,247,321.7192378,-1.95132602,7.337212055,0.308020657,2.219898245,0.919660776,0.161042525,0.878035669,1.321981829,Normal
26,out/26LabelMapVolume_5out.nrrd,"(640, 440, 1)",89.87474432,0,431,1716,213.1060606,215,127,241,191.6122943,-2.240174927,11.96537893,0.485627821,1.791217561,0.924747118,0.151234804,0.79512806,1.55532546,Normal
26,out/26LabelMapVolume_6out.nrrd,"(640, 440, 1)",89.87474432,0,431,1715,232.7177843,240,121,268,643.9296837,-2.248866492,8.639785874,0.309783318,2.567627888,0.88483772,0.2328762,0.891828929,1.460097738,Normal
26,out/26LabelMapVolume_7out.nrrd,"(640, 440, 1)",89.87474432,0,431,1714,228.5560093,234,136,261,502.1476798,-1.569611808,5.859453451,0.293897821,2.546865821,0.906500637,0.187363689,0.892836564,1.50255985,Normal
26,out/26LabelMapVolume_8out.nrrd,"(640, 440, 1)",89.87474432,0,431,1718,233.5762515,245,131,272,828.2243953,-1.273284151,4.009541966,0.175459087,3.083621427,0.858429242,0.291146367,0.899802557,1.501774965,Normal
