Image,Mask,diagnostics_Configuration_Settings,diagnostics_Configuration_EnabledImageTypes,diagnostics_Image-original_Dimensionality,diagnostics_Image-original_Size,diagnostics_Image-original_Mean,diagnostics_Image-original_Minimum,diagnostics_Image-original_Maximum,diagnostics_Mask-original_Hash,diagnostics_Mask-original_VoxelNum,original_firstorder_Kurtosis,original_firstorder_Maximum,original_firstorder_Mean,original_firstorder_Median,original_firstorder_Minimum,original_firstorder_Skewness,original_firstorder_Variance,original_glcm_Contrast,original_glcm_Correlation,original_glcm_Idm,original_glcm_JointEnergy,original_glcm_JointEntropy
/home/ale/Desktop/Datos procesados/14/Segment 14 in/14in.nrrd,/home/ale/Desktop/Datos procesados/14/Segment 14 in/14LabelMapVolume_1in.nrrd,"{'normalize': False, 'normalizeScale': 1, 'interpolator': 'sitkBSpline', 'additionalInfo': True}",{'Original': {}},3D,"(512, 512, 1)",149.88939666748,0,1404,866f6b564d58088e26a8bdb7ea6812732a78bc47,496,4.13558689799755,210,170.310483870968,172,113,-0.592625616659008,193.540696540062,0.230769943911371,0.711991159513922,0.885268622815556,0.303899933861248,2.20534938229055
/home/ale/Desktop/Datos procesados/14/Segment 14 in/14in.nrrd,/home/ale/Desktop/Datos procesados/14/Segment 14 in/14LabelMapVolume_2in.nrrd,"{'normalize': False, 'normalizeScale': 1, 'interpolator': 'sitkBSpline', 'additionalInfo': True}",{'Original': {}},3D,"(512, 512, 1)",149.88939666748,0,1404,2325325ea0f5edeedb90409d14f5b8cd67856595,494,2.36279762359893,261,219.32995951417,218,173,0.201867417146321,279.41946679998,0.246437187903271,0.759273439407436,0.878094316332828,0.257383753412493,2.49155626115796
/home/ale/Desktop/Datos procesados/14/Segment 14 in/14in.nrrd,/home/ale/Desktop/Datos procesados/14/Segment 14 in/14LabelMapVolume_3in.nrrd,"{'normalize': False, 'normalizeScale': 1, 'interpolator': 'sitkBSpline', 'additionalInfo': True}",{'Original': {}},3D,"(512, 512, 1)",149.88939666748,0,1404,8f5b1e6b36bc657fcd837166f0ee6c48ba20b4e1,496,2.41666117323623,172,142.189516129032,143,117,-0.021618777307006,121.274567507804,0.197332313540073,0.659210193353347,0.901333843229963,0.375107748804348,1.91433883062888
/home/ale/Desktop/Datos procesados/14/Segment 14 in/14in.nrrd,/home/ale/Desktop/Datos procesados/14/Segment 14 in/14LabelMapVolume_4in.nrrd,"{'normalize': False, 'normalizeScale': 1, 'interpolator': 'sitkBSpline', 'additionalInfo': True}",{'Original': {}},3D,"(512, 512, 1)",149.88939666748,0,1404,6153d0f9c60c3b8278f415fdcc5859a43ceb9ea0,497,2.59942867820594,218,183,182,147,0.246770366258983,174.185110663984,0.242102833933352,0.658190749403437,0.878948583033324,0.311923124614132,2.18642700175884
/home/ale/Desktop/Datos procesados/14/Segment 14 in/14in.nrrd,/home/ale/Desktop/Datos procesados/14/Segment 14 in/14LabelMapVolume_5in.nrrd,"{'normalize': False, 'normalizeScale': 1, 'interpolator': 'sitkBSpline', 'additionalInfo': True}",{'Original': {}},3D,"(512, 512, 1)",149.88939666748,0,1404,3eae3a1c8cf8b5d021d6c9b01a51b2392bad6931,493,3.58611931973234,157,127.066937119675,126,101,0.278989518844325,67.3728013692712,0.286606840978249,0.447991330052899,0.856696579510876,0.306261726463129,1.92313444291431
/home/ale/Desktop/Datos procesados/14/Segment 14 in/14in.nrrd,/home/ale/Desktop/Datos procesados/14/Segment 14 in/14LabelMapVolume_6in.nrrd,"{'normalize': False, 'normalizeScale': 1, 'interpolator': 'sitkBSpline', 'additionalInfo': True}",{'Original': {}},3D,"(512, 512, 1)",149.88939666748,0,1404,730e659cc2d5779ba4a76417e3f066db92592ef5,497,2.93474599930513,151,126.74245472837,127,97,-0.027857519579128,80.0503706342684,0.242128219329826,0.529254262502535,0.878935890335087,0.328177282028549,1.84938724023826
/home/ale/Desktop/Datos procesados/14/Segment 14 in/14in.nrrd,/home/ale/Desktop/Datos procesados/14/Segment 14 in/14LabelMapVolume_7in.nrrd,"{'normalize': False, 'normalizeScale': 1, 'interpolator': 'sitkBSpline', 'additionalInfo': True}",{'Original': {}},3D,"(512, 512, 1)",149.88939666748,0,1404,36f7ea285b874462a7c56b4921c31006a36ce558,496,3.03736786981207,196,159.139112903226,161,115,-0.47856119829911,230.022986309834,0.263726649052056,0.709647765549878,0.868136675473972,0.29092515702152,2.41248574200184
/home/ale/Desktop/Datos procesados/14/Segment 14 in/14in.nrrd,/home/ale/Desktop/Datos procesados/14/Segment 14 in/14LabelMapVolume_8in.nrrd,"{'normalize': False, 'normalizeScale': 1, 'interpolator': 'sitkBSpline', 'additionalInfo': True}",{'Original': {}},3D,"(512, 512, 1)",149.88939666748,0,1404,600f002deb2eef22e1a65e56a3e4efd308d48c9e,495,2.69609180003328,137,115.856565656566,115,90,-8.96814471726457E-06,74.3976084073054,0.166406737367436,0.531716822154204,0.916796631316282,0.532316379521278,1.45677504627813
/home/ale/Desktop/Datos procesados/14/Segment 14 in/14in.nrrd,/home/ale/Desktop/Datos procesados/14/Segment 14 in/14LabelMapVolume_all_in.nrrd,"{'normalize': False, 'normalizeScale': 1, 'interpolator': 'sitkBSpline', 'additionalInfo': True}",{'Original': {}},3D,"(512, 512, 1)",149.88939666748,0,1404,561b963dcbbbdb98b9240112dbaf0430cb1ac35e,29342,3.8456177544283,321,151.670438279599,142,15,0.813384649343347,2102.97454632144,0.247629017462383,0.963943017960864,0.877951391868957,0.115406883963778,3.8258991616201
