Image,Mask,diagnostics_Configuration_Settings,diagnostics_Configuration_EnabledImageTypes,diagnostics_Image-original_Dimensionality,diagnostics_Image-original_Size,diagnostics_Image-original_Mean,diagnostics_Image-original_Minimum,diagnostics_Image-original_Maximum,diagnostics_Mask-original_Hash,diagnostics_Mask-original_VoxelNum,original_firstorder_Kurtosis,original_firstorder_Maximum,original_firstorder_Mean,original_firstorder_Median,original_firstorder_Minimum,original_firstorder_Skewness,original_firstorder_Variance,original_glcm_Contrast,original_glcm_Correlation,original_glcm_Idm,original_glcm_JointEnergy,original_glcm_JointEntropy
/home/ale/Desktop/Datos procesados/9/Segment 9 out/9out.nrrd,/home/ale/Desktop/Datos procesados/9/Segment 9 out/9LabelMapVolume_1out.nrrd,"{'normalize': False, 'normalizeScale': 1, 'interpolator': 'sitkBSpline', 'additionalInfo': True}",{'Original': {}},3D,"(512, 512, 1)",97.6902732849121,0,1711,f976e861d4becd28170a628e24a0d78c383de5c4,819,3.02869568334206,193,139.010989010989,139,105,0.164017049058983,186.123200364959,0.195353457747817,0.740744958236719,0.902323271126092,0.337877232085681,2.13605297965672
/home/ale/Desktop/Datos procesados/9/Segment 9 out/9out.nrrd,/home/ale/Desktop/Datos procesados/9/Segment 9 out/9LabelMapVolume_2out.nrrd,"{'normalize': False, 'normalizeScale': 1, 'interpolator': 'sitkBSpline', 'additionalInfo': True}",{'Original': {}},3D,"(512, 512, 1)",97.6902732849121,0,1711,73897353205074d0850133cb34506ef1cd83b36d,820,4.39682708165422,146,103.49756097561,103,81,0.738511747303918,76.8280428316478,0.216231297929943,0.576018693752085,0.891884351035029,0.358979756273203,1.81167462092133
/home/ale/Desktop/Datos procesados/9/Segment 9 out/9out.nrrd,/home/ale/Desktop/Datos procesados/9/Segment 9 out/9LabelMapVolume_3out.nrrd,"{'normalize': False, 'normalizeScale': 1, 'interpolator': 'sitkBSpline', 'additionalInfo': True}",{'Original': {}},3D,"(512, 512, 1)",97.6902732849121,0,1711,e31758a53f051de626915fa7a3bacc4a1a8c677b,818,12.7807973540218,241,110.206601466993,105,68,2.85028681720187,554.699369623568,0.349342968223769,0.824364318443818,0.843559773938527,0.293804217683731,2.59714802955877
/home/ale/Desktop/Datos procesados/9/Segment 9 out/9out.nrrd,/home/ale/Desktop/Datos procesados/9/Segment 9 out/9LabelMapVolume_4out.nrrd,"{'normalize': False, 'normalizeScale': 1, 'interpolator': 'sitkBSpline', 'additionalInfo': True}",{'Original': {}},3D,"(512, 512, 1)",97.6902732849121,0,1711,bb4d0cce3c5fc683172513ebe168e6222f6bd277,819,3.26820198569253,142,104.659340659341,105,69,-0.036301291249694,154.661728991399,0.237028328952514,0.648629612287963,0.881485835523743,0.330264335972452,2.12460348904948
/home/ale/Desktop/Datos procesados/9/Segment 9 out/9out.nrrd,/home/ale/Desktop/Datos procesados/9/Segment 9 out/9LabelMapVolume_5out.nrrd,"{'normalize': False, 'normalizeScale': 1, 'interpolator': 'sitkBSpline', 'additionalInfo': True}",{'Original': {}},3D,"(512, 512, 1)",97.6902732849121,0,1711,26de7081f633c8212ea5681d04aa6cf4725cb6e1,819,1.8002138392643,306,240.332112332112,247,147,-0.158201095710497,1301.0667465759,0.375553710542186,0.912384650721295,0.829253554404487,0.105869581877592,3.65651519499886
/home/ale/Desktop/Datos procesados/9/Segment 9 out/9out.nrrd,/home/ale/Desktop/Datos procesados/9/Segment 9 out/9LabelMapVolume_6out.nrrd,"{'normalize': False, 'normalizeScale': 1, 'interpolator': 'sitkBSpline', 'additionalInfo': True}",{'Original': {}},3D,"(512, 512, 1)",97.6902732849121,0,1711,6631537939c4ffa32a1092c515e0cec4fe26c7d6,819,3.12771692453389,203,147.65811965812,146,109,0.374143137291861,224.5961825449,0.205288758571287,0.741114051479499,0.898522935889453,0.312582062757962,2.19025441049815
/home/ale/Desktop/Datos procesados/9/Segment 9 out/9out.nrrd,/home/ale/Desktop/Datos procesados/9/Segment 9 out/9LabelMapVolume_7out.nrrd,"{'normalize': False, 'normalizeScale': 1, 'interpolator': 'sitkBSpline', 'additionalInfo': True}",{'Original': {}},3D,"(512, 512, 1)",97.6902732849121,0,1711,c24f238f98cd40c64519fc69c391240085167062,818,2.57961592551434,168,129.634474327628,130,99,-0.049932911480467,141.143897095307,0.246083142289921,0.575234339411578,0.87773764963426,0.331025636615944,2.014289731157
/home/ale/Desktop/Datos procesados/9/Segment 9 out/9out.nrrd,/home/ale/Desktop/Datos procesados/9/Segment 9 out/9LabelMapVolume_8out.nrrd,"{'normalize': False, 'normalizeScale': 1, 'interpolator': 'sitkBSpline', 'additionalInfo': True}",{'Original': {}},3D,"(512, 512, 1)",97.6902732849121,0,1711,ea2a87bc5742bda37b4433d19fafff9ab520a591,820,3.88848020915775,59,23.0073170731707,22,6,0.882770454278098,68.1658001189768,0.295196833466547,0.390776949458394,0.853177779903207,0.326391135821922,1.84570889162974
/home/ale/Desktop/Datos procesados/9/Segment 9 out/9out.nrrd,/home/ale/Desktop/Datos procesados/9/Segment 9 out/9LabelMapVolume_all_out.nrrd,"{'normalize': False, 'normalizeScale': 1, 'interpolator': 'sitkBSpline', 'additionalInfo': True}",{'Original': {}},3D,"(512, 512, 1)",97.6902732849121,0,1711,c6c08a02958da4dca0ec8df58d1bc33160465178,28785,3.91409476479245,371,131.044919228765,122,6,0.565150313945525,3225.92763312271,0.449604981633527,0.957050031695975,0.838695534963854,0.092239230782681,4.34065028769892
