Image,Mask,diagnostics_Configuration_Settings,diagnostics_Configuration_EnabledImageTypes,diagnostics_Image-original_Dimensionality,diagnostics_Image-original_Size,diagnostics_Image-original_Mean,diagnostics_Image-original_Minimum,diagnostics_Image-original_Maximum,diagnostics_Mask-original_Hash,diagnostics_Mask-original_VoxelNum,original_firstorder_Kurtosis,original_firstorder_Maximum,original_firstorder_Mean,original_firstorder_Median,original_firstorder_Minimum,original_firstorder_Skewness,original_firstorder_Variance,original_glcm_Contrast,original_glcm_Correlation,original_glcm_Idm,original_glcm_JointEnergy,original_glcm_JointEntropy
/home/ale/Desktop/Datos procesados/20/Segment 20 in/20in.nrrd,/home/ale/Desktop/Datos procesados/20/Segment 20 in/20LabelMapVolume_1in.nrrd,"{'normalize': False, 'normalizeScale': 1, 'interpolator': 'sitkBSpline', 'additionalInfo': True}",{'Original': {}},3D,"(512, 512, 1)",279.443405151367,0,2507,bc12a1e62a5bcc6e7af19f1215355eab25b146c6,990,3.06224996924267,680,571.60404040404,596,357,-1.03342472373745,5045.72200387716,1.1231571337169,0.930063300209118,0.661885072208045,0.044709527627973,5.14109819613173
/home/ale/Desktop/Datos procesados/20/Segment 20 in/20in.nrrd,/home/ale/Desktop/Datos procesados/20/Segment 20 in/20LabelMapVolume_2in.nrrd,"{'normalize': False, 'normalizeScale': 1, 'interpolator': 'sitkBSpline', 'additionalInfo': True}",{'Original': {}},3D,"(512, 512, 1)",279.443405151367,0,2507,b9c2837ec385dd8b1092de6d0066764357dbbb5a,991,3.93603985343116,663,580.899091826438,588,412,-0.881713538698902,1565.91514549207,1.00808181727418,0.80061466927073,0.678939191290536,0.065211849486553,4.50177968962804
/home/ale/Desktop/Datos procesados/20/Segment 20 in/20in.nrrd,/home/ale/Desktop/Datos procesados/20/Segment 20 in/20LabelMapVolume_3in.nrrd,"{'normalize': False, 'normalizeScale': 1, 'interpolator': 'sitkBSpline', 'additionalInfo': True}",{'Original': {}},3D,"(512, 512, 1)",279.443405151367,0,2507,44d3a5758028eb0263cbc9848ad2d1efe533949a,992,2.99161750669968,701,602.589717741936,622,405,-0.833291560379885,3519.37098298485,1.19141478346687,0.892642583437944,0.673437776275249,0.054024926874048,4.95789114769513
/home/ale/Desktop/Datos procesados/20/Segment 20 in/20in.nrrd,/home/ale/Desktop/Datos procesados/20/Segment 20 in/20LabelMapVolume_4in.nrrd,"{'normalize': False, 'normalizeScale': 1, 'interpolator': 'sitkBSpline', 'additionalInfo': True}",{'Original': {}},3D,"(512, 512, 1)",279.443405151367,0,2507,b196f0b0bb95d1dc77fbb96706130dccb222765e,991,10.115910202361,736,621.850655903128,636,334,-2.59187084313599,3926.13511309149,0.883769047842548,0.929409211720512,0.721467572544113,0.116667952550164,4.17531948349552
/home/ale/Desktop/Datos procesados/20/Segment 20 in/20in.nrrd,/home/ale/Desktop/Datos procesados/20/Segment 20 in/20LabelMapVolume_5in.nrrd,"{'normalize': False, 'normalizeScale': 1, 'interpolator': 'sitkBSpline', 'additionalInfo': True}",{'Original': {}},3D,"(512, 512, 1)",279.443405151367,0,2507,da40bae4ad23a5eb050d13167b70990e7dd95e95,991,21.0498504582916,1261,572.64278506559,572,302,2.93876990279471,8835.27098477621,4.62392128219918,0.832807200789938,0.618296199060346,0.04670490694374,5.35740994648336
/home/ale/Desktop/Datos procesados/20/Segment 20 in/20in.nrrd,/home/ale/Desktop/Datos procesados/20/Segment 20 in/20LabelMapVolume_6in.nrrd,"{'normalize': False, 'normalizeScale': 1, 'interpolator': 'sitkBSpline', 'additionalInfo': True}",{'Original': {}},3D,"(512, 512, 1)",279.443405151367,0,2507,279d04fcba0661abfef54d21da65a008da8d934b,988,2.66413463027698,674,614.53036437247,615,540,-0.161297062372996,633.720737923913,0.537809119528985,0.753300346195779,0.766567528001635,0.110931230813816,3.55927390299398
/home/ale/Desktop/Datos procesados/20/Segment 20 in/20in.nrrd,/home/ale/Desktop/Datos procesados/20/Segment 20 in/20LabelMapVolume_7in.nrrd,"{'normalize': False, 'normalizeScale': 1, 'interpolator': 'sitkBSpline', 'additionalInfo': True}",{'Original': {}},3D,"(512, 512, 1)",279.443405151367,0,2507,26e958874087fb9870006dd6558ed85daded94e3,990,3.71448022994607,684,553.053535353535,563,337,-0.82081050221016,3181.18804305683,1.5079974688389,0.857077106451536,0.606893184495443,0.035305286615696,5.33584129176879
/home/ale/Desktop/Datos procesados/20/Segment 20 in/20in.nrrd,/home/ale/Desktop/Datos procesados/20/Segment 20 in/20LabelMapVolume_8in.nrrd,"{'normalize': False, 'normalizeScale': 1, 'interpolator': 'sitkBSpline', 'additionalInfo': True}",{'Original': {}},3D,"(512, 512, 1)",279.443405151367,0,2507,c643e4f7d7dc0900a379e1062a7137d059893b17,992,2.75628982025897,655,578.028225806452,578,491,-0.059080779882077,766.170574271592,0.81892562409224,0.678780250461485,0.699971489528974,0.084993941898286,3.95800664470785
/home/ale/Desktop/Datos procesados/20/Segment 20 in/20in.nrrd,/home/ale/Desktop/Datos procesados/20/Segment 20 in/20LabelMapVolume_all_in.nrrd,"{'normalize': False, 'normalizeScale': 1, 'interpolator': 'sitkBSpline', 'additionalInfo': True}",{'Original': {}},3D,"(512, 512, 1)",279.443405151367,0,2507,6c0852caf3de20e75c68cc5fcc43d15d441ea1aa,25350,18.5345245837037,1456,598.140078895464,603,143,1.74591578742512,7310.92321813973,1.86832635769686,0.919245397936423,0.65582597599615,0.038307669200632,5.56175029044427
