Image,Mask,diagnostics_Configuration_Settings,diagnostics_Configuration_EnabledImageTypes,diagnostics_Image-original_Dimensionality,diagnostics_Image-original_Size,diagnostics_Image-original_Mean,diagnostics_Image-original_Minimum,diagnostics_Image-original_Maximum,diagnostics_Mask-original_Hash,diagnostics_Mask-original_VoxelNum,original_firstorder_Kurtosis,original_firstorder_Maximum,original_firstorder_Mean,original_firstorder_Median,original_firstorder_Minimum,original_firstorder_Skewness,original_firstorder_Variance,original_glcm_Contrast,original_glcm_Correlation,original_glcm_Idm,original_glcm_JointEnergy,original_glcm_JointEntropy
/home/ale/Desktop/Datos procesados/14/Segment 14 out/14out.nrrd,/home/ale/Desktop/Datos procesados/14/Segment 14 out/14LabelMapVolume_1out.nrrd,"{'normalize': False, 'normalizeScale': 1, 'interpolator': 'sitkBSpline', 'additionalInfo': True}",{'Original': {}},3D,"(512, 512, 1)",123.214038848877,0,1117,866f6b564d58088e26a8bdb7ea6812732a78bc47,496,3.18785057108678,198,168.979838709677,170,118,-0.547223358362022,247.890722554631,0.258331015621379,0.709005685621273,0.871488086960552,0.267458116074831,2.33180706991025
/home/ale/Desktop/Datos procesados/14/Segment 14 out/14out.nrrd,/home/ale/Desktop/Datos procesados/14/Segment 14 out/14LabelMapVolume_2out.nrrd,"{'normalize': False, 'normalizeScale': 1, 'interpolator': 'sitkBSpline', 'additionalInfo': True}",{'Original': {}},3D,"(512, 512, 1)",123.214038848877,0,1117,2325325ea0f5edeedb90409d14f5b8cd67856595,494,2.57974663102811,260,210.831983805668,209,167,0.20886640289178,243.216709829697,0.263138454057491,0.709957521773215,0.868430772971254,0.248727810390957,2.41890100829626
/home/ale/Desktop/Datos procesados/14/Segment 14 out/14out.nrrd,/home/ale/Desktop/Datos procesados/14/Segment 14 out/14LabelMapVolume_3out.nrrd,"{'normalize': False, 'normalizeScale': 1, 'interpolator': 'sitkBSpline', 'additionalInfo': True}",{'Original': {}},3D,"(512, 512, 1)",123.214038848877,0,1117,8f5b1e6b36bc657fcd837166f0ee6c48ba20b4e1,496,2.89784181328704,166,140.181451612903,140,115,-0.091860516325042,77.7170753121748,0.165515922681129,0.474680628225748,0.917242038659435,0.576837384676748,1.39161138046318
/home/ale/Desktop/Datos procesados/14/Segment 14 out/14out.nrrd,/home/ale/Desktop/Datos procesados/14/Segment 14 out/14LabelMapVolume_4out.nrrd,"{'normalize': False, 'normalizeScale': 1, 'interpolator': 'sitkBSpline', 'additionalInfo': True}",{'Original': {}},3D,"(512, 512, 1)",123.214038848877,0,1117,6153d0f9c60c3b8278f415fdcc5859a43ceb9ea0,497,2.18830223597279,210,173.062374245473,171,147,0.199112223615396,166.299932391127,0.154366288193483,0.741360065590759,0.922816855903258,0.363543643273509,1.83104695915471
/home/ale/Desktop/Datos procesados/14/Segment 14 out/14out.nrrd,/home/ale/Desktop/Datos procesados/14/Segment 14 out/14LabelMapVolume_5out.nrrd,"{'normalize': False, 'normalizeScale': 1, 'interpolator': 'sitkBSpline', 'additionalInfo': True}",{'Original': {}},3D,"(512, 512, 1)",123.214038848877,0,1117,3eae3a1c8cf8b5d021d6c9b01a51b2392bad6931,493,2.55824031598995,152,129.870182555781,130,108,-0.125542084883063,64.2630662952738,0.214871191630039,0.474496243387984,0.892564404184981,0.43140840652222,1.59929634730067
/home/ale/Desktop/Datos procesados/14/Segment 14 out/14out.nrrd,/home/ale/Desktop/Datos procesados/14/Segment 14 out/14LabelMapVolume_6out.nrrd,"{'normalize': False, 'normalizeScale': 1, 'interpolator': 'sitkBSpline', 'additionalInfo': True}",{'Original': {}},3D,"(512, 512, 1)",123.214038848877,0,1117,730e659cc2d5779ba4a76417e3f066db92592ef5,497,2.70292571051696,150,124.997987927565,125,103,0.204931631236448,72.5372192916047,0.236680744022893,0.534507663626919,0.881659627988554,0.320828171560957,1.81050103303749
/home/ale/Desktop/Datos procesados/14/Segment 14 out/14out.nrrd,/home/ale/Desktop/Datos procesados/14/Segment 14 out/14LabelMapVolume_7out.nrrd,"{'normalize': False, 'normalizeScale': 1, 'interpolator': 'sitkBSpline', 'additionalInfo': True}",{'Original': {}},3D,"(512, 512, 1)",123.214038848877,0,1117,36f7ea285b874462a7c56b4921c31006a36ce558,496,2.96151529545001,188,154.637096774194,157,107,-0.598808206316443,246.642494797086,0.211391554257637,0.766308784137315,0.894304222871181,0.31939236778388,2.27203972761638
/home/ale/Desktop/Datos procesados/14/Segment 14 out/14out.nrrd,/home/ale/Desktop/Datos procesados/14/Segment 14 out/14LabelMapVolume_8out.nrrd,"{'normalize': False, 'normalizeScale': 1, 'interpolator': 'sitkBSpline', 'additionalInfo': True}",{'Original': {}},3D,"(512, 512, 1)",123.214038848877,0,1117,600f002deb2eef22e1a65e56a3e4efd308d48c9e,495,3.40501090163589,139,118.636363636364,119,94,-0.155536495552681,61.6051423324151,0.18156255528347,0.516339769638209,0.909218722358265,0.501133315972772,1.51711639635077
/home/ale/Desktop/Datos procesados/14/Segment 14 out/14out.nrrd,/home/ale/Desktop/Datos procesados/14/Segment 14 out/14LabelMapVolume_seg_all.nrrd,"{'normalize': False, 'normalizeScale': 1, 'interpolator': 'sitkBSpline', 'additionalInfo': True}",{'Original': {}},3D,"(512, 512, 1)",123.214038848877,0,1117,561b963dcbbbdb98b9240112dbaf0430cb1ac35e,29342,3.8513251313613,301,147.028321177834,138,28,0.732013812478721,1827.58733096248,0.24174509901429,0.959511244266214,0.881027671748298,0.125623612143289,3.71388416933249
