Image,Mask,diagnostics_Configuration_Settings,diagnostics_Configuration_EnabledImageTypes,diagnostics_Image-original_Dimensionality,diagnostics_Image-original_Size,diagnostics_Image-original_Mean,diagnostics_Image-original_Minimum,diagnostics_Image-original_Maximum,diagnostics_Mask-original_Hash,diagnostics_Mask-original_VoxelNum,original_firstorder_Kurtosis,original_firstorder_Maximum,original_firstorder_Mean,original_firstorder_Median,original_firstorder_Minimum,original_firstorder_Skewness,original_firstorder_Variance,original_glcm_Contrast,original_glcm_Correlation,original_glcm_Idm,original_glcm_JointEnergy,original_glcm_JointEntropy
/home/ale/Desktop/Datos procesados/3/Segment 3 in/3in.nrrd,/home/ale/Desktop/Datos procesados/3/Segment 3 in/3LabelMapVolume_1in.nrrd,"{'normalize': False, 'normalizeScale': 1, 'interpolator': 'sitkBSpline', 'additionalInfo': True}",{'Original': {}},3D,"(512, 512, 1)",157.918357849121,0,1095,9856335cc7fccfd3800313565d569b3119a1b446,1371,4.13374066207855,236,187.141502552881,188,111,-0.685842871106607,371.091574401708,0.278335669928284,0.793867297165509,0.865172099788448,0.247613890927059,2.71643313555282
/home/ale/Desktop/Datos procesados/3/Segment 3 in/3in.nrrd,/home/ale/Desktop/Datos procesados/3/Segment 3 in/3LabelMapVolume_2in.nrrd,"{'normalize': False, 'normalizeScale': 1, 'interpolator': 'sitkBSpline', 'additionalInfo': True}",{'Original': {}},3D,"(512, 512, 1)",157.918357849121,0,1095,6695108295f9fb9da99c1049b626c61727d105ec,1372,3.78359944153328,326,264.66472303207,264,131,-0.399066861388678,655.028988771685,0.305722604157086,0.850138118558981,0.850338596753426,0.158744689546282,3.13963746655742
/home/ale/Desktop/Datos procesados/3/Segment 3 in/3in.nrrd,/home/ale/Desktop/Datos procesados/3/Segment 3 in/3LabelMapVolume_3in.nrrd,"{'normalize': False, 'normalizeScale': 1, 'interpolator': 'sitkBSpline', 'additionalInfo': True}",{'Original': {}},3D,"(512, 512, 1)",157.918357849121,0,1095,01929fa601972a3559587f8ce1290dffe89f19b9,1372,3.38544058750387,288,216.107142857143,220,119,-0.772699396929816,882.856596209913,0.36661497323881,0.881353079020457,0.826762471240051,0.13159054666999,3.49947050444134
/home/ale/Desktop/Datos procesados/3/Segment 3 in/3in.nrrd,/home/ale/Desktop/Datos procesados/3/Segment 3 in/3LabelMapVolume_4in.nrrd,"{'normalize': False, 'normalizeScale': 1, 'interpolator': 'sitkBSpline', 'additionalInfo': True}",{'Original': {}},3D,"(512, 512, 1)",157.918357849121,0,1095,ea1978f265924bd6535306e8f2071e36ce034091,1371,2.91367532687125,212,167.913202042305,167,116,0.029745096627111,184.548994196232,0.255948928612715,0.628265686709776,0.873626534800843,0.317343513929506,2.18055952786743
/home/ale/Desktop/Datos procesados/3/Segment 3 in/3in.nrrd,/home/ale/Desktop/Datos procesados/3/Segment 3 in/3LabelMapVolume_5in.nrrd,"{'normalize': False, 'normalizeScale': 1, 'interpolator': 'sitkBSpline', 'additionalInfo': True}",{'Original': {}},3D,"(512, 512, 1)",157.918357849121,0,1095,4faa810b6ba8c70ef68a33860beadb8d46365f1b,1370,3.32802931850211,244,184.905839416058,188,101,-0.712201609249651,761.130549842826,0.337515470423988,0.865234355925899,0.838113487877039,0.151846020183225,3.27050221565603
/home/ale/Desktop/Datos procesados/3/Segment 3 in/3in.nrrd,/home/ale/Desktop/Datos procesados/3/Segment 3 in/3LabelMapVolume_6in.nrrd,"{'normalize': False, 'normalizeScale': 1, 'interpolator': 'sitkBSpline', 'additionalInfo': True}",{'Original': {}},3D,"(512, 512, 1)",157.918357849121,0,1095,c0ec92e759ecddc5534304d940ea98cbb5179eda,1373,2.40448633500466,220,164.008011653314,165,100,-0.209899868498719,510.800372812683,0.369034889707338,0.794617900706432,0.820974545993013,0.146218084136507,3.17065257626189
/home/ale/Desktop/Datos procesados/3/Segment 3 in/3in.nrrd,/home/ale/Desktop/Datos procesados/3/Segment 3 in/3LabelMapVolume_7in.nrrd,"{'normalize': False, 'normalizeScale': 1, 'interpolator': 'sitkBSpline', 'additionalInfo': True}",{'Original': {}},3D,"(512, 512, 1)",157.918357849121,0,1095,dd1eaa4ee38e9d2aaf770ed12304a4e7d814b9f8,1372,2.71547402844987,263,200.478862973761,200,127,-0.016188448873024,546.232060514752,0.345688099355186,0.82100339663539,0.833777527700795,0.148586049642381,3.202341030329
/home/ale/Desktop/Datos procesados/3/Segment 3 in/3in.nrrd,/home/ale/Desktop/Datos procesados/3/Segment 3 in/3LabelMapVolume_8in.nrrd,"{'normalize': False, 'normalizeScale': 1, 'interpolator': 'sitkBSpline', 'additionalInfo': True}",{'Original': {}},3D,"(512, 512, 1)",157.918357849121,0,1095,65fb5fbd824414ece2b5942392c80c6e9752ecd5,1370,3.71516551962838,268,218.956204379562,222,136,-0.744645041121109,427.371804571368,0.313160461984789,0.789577955824676,0.845483989191092,0.195728624686693,2.88018479609574
/home/ale/Desktop/Datos procesados/3/Segment 3 in/3in.nrrd,/home/ale/Desktop/Datos procesados/3/Segment 3 in/3LabelMapVolume_all_in.nrrd,"{'normalize': False, 'normalizeScale': 1, 'interpolator': 'sitkBSpline', 'additionalInfo': True}",{'Original': {}},3D,"(512, 512, 1)",157.918357849121,0,1095,37b9620c23c6e39b4b22ebb1c0461cddd035cab7,27882,2.52687838835527,324,203.991750950434,200,70,0.299144889467208,1621.81938536398,0.314090206267578,0.940663556169897,0.846835855475634,0.093446573289904,3.88745468922164
