Image,Mask,diagnostics_Configuration_Settings,diagnostics_Configuration_EnabledImageTypes,diagnostics_Image-original_Dimensionality,diagnostics_Image-original_Size,diagnostics_Image-original_Mean,diagnostics_Image-original_Minimum,diagnostics_Image-original_Maximum,diagnostics_Mask-original_Hash,diagnostics_Mask-original_VoxelNum,original_firstorder_Kurtosis,original_firstorder_Maximum,original_firstorder_Mean,original_firstorder_Median,original_firstorder_Minimum,original_firstorder_Skewness,original_firstorder_Variance,original_glcm_Contrast,original_glcm_Correlation,original_glcm_Idm,original_glcm_JointEnergy,original_glcm_JointEntropy
/home/ale/Desktop/Datos procesados/18/Segment 18 out/18out.nrrd,/home/ale/Desktop/Datos procesados/18/Segment 18 out/18LabelMapVolume_1out.nrrd,"{'normalize': False, 'normalizeScale': 1, 'interpolator': 'sitkBSpline', 'additionalInfo': True}",{'Original': {}},3D,"(512, 320, 1)",133.469561767578,0,557,b3b854ac7ebc457c53ce2bc71a1a9196e0caf834,1372,2.19255069092475,219,185.555393586006,186,149,-0.073785106636976,232.548680821766,0.19463625503113,0.795054240831479,0.902681872484435,0.264634017385172,2.2740147310583
/home/ale/Desktop/Datos procesados/18/Segment 18 out/18out.nrrd,/home/ale/Desktop/Datos procesados/18/Segment 18 out/18LabelMapVolume_2out.nrrd,"{'normalize': False, 'normalizeScale': 1, 'interpolator': 'sitkBSpline', 'additionalInfo': True}",{'Original': {}},3D,"(512, 320, 1)",133.469561767578,0,557,27ab3268686efb7ca565f0beba4b9c457410df8e,1370,8.18155708761366,223,187.056204379562,190,111,-2.05232113857894,266.778592892536,0.199156940426343,0.790344015309449,0.90454062979098,0.451916660440768,1.98978743491117
/home/ale/Desktop/Datos procesados/18/Segment 18 out/18out.nrrd,/home/ale/Desktop/Datos procesados/18/Segment 18 out/18LabelMapVolume_3out.nrrd,"{'normalize': False, 'normalizeScale': 1, 'interpolator': 'sitkBSpline', 'additionalInfo': True}",{'Original': {}},3D,"(512, 320, 1)",133.469561767578,0,557,308b438496950741140dffde890f901a6b9cccf8,1371,5.05327837558526,194,173.666666666667,176,111,-1.15228419985634,126.473133965475,0.188348461891891,0.710360387768266,0.905825769054054,0.337487978505157,1.91483021543531
/home/ale/Desktop/Datos procesados/18/Segment 18 out/18out.nrrd,/home/ale/Desktop/Datos procesados/18/Segment 18 out/18LabelMapVolume_4out.nrrd,"{'normalize': False, 'normalizeScale': 1, 'interpolator': 'sitkBSpline', 'additionalInfo': True}",{'Original': {}},3D,"(512, 320, 1)",133.469561767578,0,557,74442f9dcb13f733d00171157f04838f07928340,1372,3.14509506334313,203,176.74416909621,178,130,-0.659825289717799,158.101460169657,0.194625454846111,0.682052082977615,0.902687272576945,0.359991917524078,1.90272237883733
/home/ale/Desktop/Datos procesados/18/Segment 18 out/18out.nrrd,/home/ale/Desktop/Datos procesados/18/Segment 18 out/18LabelMapVolume_5out.nrrd,"{'normalize': False, 'normalizeScale': 1, 'interpolator': 'sitkBSpline', 'additionalInfo': True}",{'Original': {}},3D,"(512, 320, 1)",133.469561767578,0,557,8a7baca1d8ae40ae45c708c1bd46dfc6b715d08f,1372,3.15221953630088,221,185.694606413994,187,133,-0.391546886122142,197.58384846025,0.267314496254624,0.679368362060484,0.867258782407039,0.286000363189046,2.37274973241804
/home/ale/Desktop/Datos procesados/18/Segment 18 out/18out.nrrd,/home/ale/Desktop/Datos procesados/18/Segment 18 out/18LabelMapVolume_6out.nrrd,"{'normalize': False, 'normalizeScale': 1, 'interpolator': 'sitkBSpline', 'additionalInfo': True}",{'Original': {}},3D,"(512, 320, 1)",133.469561767578,0,557,d7bb00f6cab3229397fff9afd167ee794879e803,1371,3.4326133675437,232,188.352297592998,195,100,-0.957185851030481,559.476907558411,0.307278862816472,0.836099721841158,0.849104542114584,0.184439971320253,2.93578135196619
/home/ale/Desktop/Datos procesados/18/Segment 18 out/18out.nrrd,/home/ale/Desktop/Datos procesados/18/Segment 18 out/18LabelMapVolume_7out.nrrd,"{'normalize': False, 'normalizeScale': 1, 'interpolator': 'sitkBSpline', 'additionalInfo': True}",{'Original': {}},3D,"(512, 320, 1)",133.469561767578,0,557,e07e67d59756364201d604fc1feab0ab0be486ea,1371,2.68930645228186,261,222.53537563822,226,161,-0.656699061173403,452.571140978517,0.200878790970237,0.869776054328664,0.899560604514882,0.239395854519817,2.65147261421924
/home/ale/Desktop/Datos procesados/18/Segment 18 out/18out.nrrd,/home/ale/Desktop/Datos procesados/18/Segment 18 out/18LabelMapVolume_8out.nrrd,"{'normalize': False, 'normalizeScale': 1, 'interpolator': 'sitkBSpline', 'additionalInfo': True}",{'Original': {}},3D,"(512, 320, 1)",133.469561767578,0,557,6d75e46504372c70ec63a71e1852320edd99fb29,1371,3.64317630794557,247,196.89423778264,195,160,0.661100695474833,170.669339517493,0.175274446286016,0.726548723820731,0.912362776856992,0.377731795424994,1.9028971505743
/home/ale/Desktop/Datos procesados/18/Segment 18 out/18out.nrrd,/home/ale/Desktop/Datos procesados/18/Segment 18 out/18LabelMapVolume_all_out.nrrd,"{'normalize': False, 'normalizeScale': 1, 'interpolator': 'sitkBSpline', 'additionalInfo': True}",{'Original': {}},3D,"(512, 320, 1)",133.469561767578,0,557,82a7939cb59f8235791573af2df92ce6a65f6031,33037,6.0892061049732,288,189.002058298272,188,21,-0.517640343207036,635.992731181273,0.233336849377966,0.890493815975257,0.887217235764281,0.231760328222017,2.92729020325981
