Image,Mask,diagnostics_Configuration_Settings,diagnostics_Configuration_EnabledImageTypes,diagnostics_Image-original_Dimensionality,diagnostics_Image-original_Size,diagnostics_Image-original_Mean,diagnostics_Image-original_Minimum,diagnostics_Image-original_Maximum,diagnostics_Mask-original_Hash,diagnostics_Mask-original_VoxelNum,original_firstorder_Kurtosis,original_firstorder_Maximum,original_firstorder_Mean,original_firstorder_Median,original_firstorder_Minimum,original_firstorder_Skewness,original_firstorder_Variance,original_glcm_Contrast,original_glcm_Correlation,original_glcm_Idm,original_glcm_JointEnergy,original_glcm_JointEntropy
/home/ale/Desktop/Datos procesados/20/Segment 20 out/20out.nrrd,/home/ale/Desktop/Datos procesados/20/Segment 20 out/20LabelMapVolume_1out.nrrd,"{'normalize': False, 'normalizeScale': 1, 'interpolator': 'sitkBSpline', 'additionalInfo': True}",{'Original': {}},3D,"(512, 512, 1)",235.250637054443,0,2589,bc12a1e62a5bcc6e7af19f1215355eab25b146c6,990,3.2800924977229,658,535.930303030303,556,332,-1.05108032705338,4439.87898071625,1.48647526660349,0.895784505781547,0.620615011055974,0.043311266622709,5.23366950106154
/home/ale/Desktop/Datos procesados/20/Segment 20 out/20out.nrrd,/home/ale/Desktop/Datos procesados/20/Segment 20 out/20LabelMapVolume_2out.nrrd,"{'normalize': False, 'normalizeScale': 1, 'interpolator': 'sitkBSpline', 'additionalInfo': True}",{'Original': {}},3D,"(512, 512, 1)",235.250637054443,0,2589,b9c2837ec385dd8b1092de6d0066764357dbbb5a,991,3.85271903211016,645,534.79717457114,543,361,-0.911880624126507,1795.9417074559,1.11901093959257,0.806427030851412,0.676569120035283,0.062390117961609,4.63133137490708
/home/ale/Desktop/Datos procesados/20/Segment 20 out/20out.nrrd,/home/ale/Desktop/Datos procesados/20/Segment 20 out/20LabelMapVolume_3out.nrrd,"{'normalize': False, 'normalizeScale': 1, 'interpolator': 'sitkBSpline', 'additionalInfo': True}",{'Original': {}},3D,"(512, 512, 1)",235.250637054443,0,2589,44d3a5758028eb0263cbc9848ad2d1efe533949a,992,2.87715118323423,625,537.051411290323,550,344,-0.753584388548042,2963.08707462116,0.991057100959581,0.895608473750491,0.695500898939955,0.05622160194726,4.80842188472009
/home/ale/Desktop/Datos procesados/20/Segment 20 out/20out.nrrd,/home/ale/Desktop/Datos procesados/20/Segment 20 out/20LabelMapVolume_4out.nrrd,"{'normalize': False, 'normalizeScale': 1, 'interpolator': 'sitkBSpline', 'additionalInfo': True}",{'Original': {}},3D,"(512, 512, 1)",235.250637054443,0,2589,b196f0b0bb95d1dc77fbb96706130dccb222765e,991,9.86235271053656,631,536.733602421796,553,241,-2.5189825137051,3881.35991023144,0.890089646109077,0.927757658701863,0.726564604894446,0.097683256922406,4.34317749913607
/home/ale/Desktop/Datos procesados/20/Segment 20 out/20out.nrrd,/home/ale/Desktop/Datos procesados/20/Segment 20 out/20LabelMapVolume_5out.nrrd,"{'normalize': False, 'normalizeScale': 1, 'interpolator': 'sitkBSpline', 'additionalInfo': True}",{'Original': {}},3D,"(512, 512, 1)",235.250637054443,0,2589,da40bae4ad23a5eb050d13167b70990e7dd95e95,991,19.6895291650012,1094,499.774974772957,502,274,2.36816155316083,6269.43170471682,2.93379717777955,0.846536300719458,0.608866027963175,0.046382958204628,5.24005969357721
/home/ale/Desktop/Datos procesados/20/Segment 20 out/20out.nrrd,/home/ale/Desktop/Datos procesados/20/Segment 20 out/20LabelMapVolume_6out.nrrd,"{'normalize': False, 'normalizeScale': 1, 'interpolator': 'sitkBSpline', 'additionalInfo': True}",{'Original': {}},3D,"(512, 512, 1)",235.250637054443,0,2589,279d04fcba0661abfef54d21da65a008da8d934b,988,3.21945031565602,600,534.817813765182,535,455,-0.280218376928662,555.34939926896,0.601009962167815,0.693899729747389,0.747086925155849,0.121362956320931,3.53819342049317
/home/ale/Desktop/Datos procesados/20/Segment 20 out/20out.nrrd,/home/ale/Desktop/Datos procesados/20/Segment 20 out/20LabelMapVolume_7out.nrrd,"{'normalize': False, 'normalizeScale': 1, 'interpolator': 'sitkBSpline', 'additionalInfo': True}",{'Original': {}},3D,"(512, 512, 1)",235.250637054443,0,2589,26e958874087fb9870006dd6558ed85daded94e3,990,3.36719055235466,661,501.472727272727,504,300,-0.497364876091737,3489.84521579431,1.26962482500155,0.888384338640553,0.653134187807937,0.038183225338171,5.31310336141251
/home/ale/Desktop/Datos procesados/20/Segment 20 out/20out.nrrd,/home/ale/Desktop/Datos procesados/20/Segment 20 out/20LabelMapVolume_8out.nrrd,"{'normalize': False, 'normalizeScale': 1, 'interpolator': 'sitkBSpline', 'additionalInfo': True}",{'Original': {}},3D,"(512, 512, 1)",235.250637054443,0,2589,c643e4f7d7dc0900a379e1062a7137d059893b17,992,2.80752391856169,608,515.644153225806,515,409,0.151773016605069,1050.00139726685,0.814619964782797,0.761223969057994,0.698935888757484,0.073686088584607,4.18740023259024
/home/ale/Desktop/Datos procesados/20/Segment 20 out/20out.nrrd,/home/ale/Desktop/Datos procesados/20/Segment 20 out/20LabelMapVolume_all_out.nrrd,"{'normalize': False, 'normalizeScale': 1, 'interpolator': 'sitkBSpline', 'additionalInfo': True}",{'Original': {}},3D,"(512, 512, 1)",235.250637054443,0,2589,6c0852caf3de20e75c68cc5fcc43d15d441ea1aa,25350,13.5966413296845,1355,532.90291913215,541,24,0.479701932259859,10947.1666305319,2.32661883061274,0.932124478303646,0.645029685709176,0.035126822614122,5.85778179768655
