Image,Mask,diagnostics_Configuration_Settings,diagnostics_Configuration_EnabledImageTypes,diagnostics_Image-original_Dimensionality,diagnostics_Image-original_Size,diagnostics_Image-original_Mean,diagnostics_Image-original_Minimum,diagnostics_Image-original_Maximum,diagnostics_Mask-original_Hash,diagnostics_Mask-original_VoxelNum,original_firstorder_Kurtosis,original_firstorder_Maximum,original_firstorder_Mean,original_firstorder_Median,original_firstorder_Minimum,original_firstorder_Skewness,original_firstorder_Variance,original_glcm_Contrast,original_glcm_Correlation,original_glcm_Idm,original_glcm_JointEnergy,original_glcm_JointEntropy
/home/ale/Desktop/Datos procesados/11/Segment 11 in/11in.nrrd,/home/ale/Desktop/Datos procesados/11/Segment 11 in/11LabelMapVolume_1in.nrrd,"{'normalize': False, 'normalizeScale': 1, 'interpolator': 'sitkBSpline', 'additionalInfo': True}",{'Original': {}},3D,"(512, 512, 1)",95.7005615234375,0,1497,6d9df9e9de915ba2b153c1673d68e2ed7caa9d93,943,2.13919723937493,183,140.063626723224,141,95,-0.19980818523226,340.574954821428,0.162522990096954,0.86704966995404,0.918738504951523,0.249330946460142,2.36669941747874
/home/ale/Desktop/Datos procesados/11/Segment 11 in/11in.nrrd,/home/ale/Desktop/Datos procesados/11/Segment 11 in/11LabelMapVolume_2in.nrrd,"{'normalize': False, 'normalizeScale': 1, 'interpolator': 'sitkBSpline', 'additionalInfo': True}",{'Original': {}},3D,"(512, 512, 1)",95.7005615234375,0,1497,fa1a99aacd776aca76dce2e340f96ef667110515,944,3.45955960521035,156,119.223516949153,117,87,0.52240612508542,145.476523224289,0.152328623015031,0.737179729312426,0.923835688492484,0.432997729852053,1.79061657899623
/home/ale/Desktop/Datos procesados/11/Segment 11 in/11in.nrrd,/home/ale/Desktop/Datos procesados/11/Segment 11 in/11LabelMapVolume_3in.nrrd,"{'normalize': False, 'normalizeScale': 1, 'interpolator': 'sitkBSpline', 'additionalInfo': True}",{'Original': {}},3D,"(512, 512, 1)",95.7005615234375,0,1497,1f010d79a6adf4778bf7129cb39fbeee1a12895c,943,2.54894339862993,171,130.688229056204,129,100,0.37513845958675,187.105343947533,0.210657269567539,0.747113718643663,0.894671365216231,0.28028626051506,2.20125299298992
/home/ale/Desktop/Datos procesados/11/Segment 11 in/11in.nrrd,/home/ale/Desktop/Datos procesados/11/Segment 11 in/11LabelMapVolume_4in.nrrd,"{'normalize': False, 'normalizeScale': 1, 'interpolator': 'sitkBSpline', 'additionalInfo': True}",{'Original': {}},3D,"(512, 512, 1)",95.7005615234375,0,1497,d7524613c86e32ca600decd30ca04a12cb96e013,942,2.99473498183402,126,103.581740976645,103,83,0.174518155751169,50.3367366717604,0.232710470698168,0.436515706189959,0.883644764650916,0.413932703528726,1.62449860803385
/home/ale/Desktop/Datos procesados/11/Segment 11 in/11in.nrrd,/home/ale/Desktop/Datos procesados/11/Segment 11 in/11LabelMapVolume_5in.nrrd,"{'normalize': False, 'normalizeScale': 1, 'interpolator': 'sitkBSpline', 'additionalInfo': True}",{'Original': {}},3D,"(512, 512, 1)",95.7005615234375,0,1497,cdc1eb701dfd9c2ffa47438a4bc5a022ee221893,945,3.20263078806754,163,119.549206349206,118,89,0.595868502310665,134.981970269589,0.163912376929741,0.692974689611121,0.918043811535129,0.426610664559079,1.7375838375637
/home/ale/Desktop/Datos procesados/11/Segment 11 in/11in.nrrd,/home/ale/Desktop/Datos procesados/11/Segment 11 in/11LabelMapVolume_6in.nrrd,"{'normalize': False, 'normalizeScale': 1, 'interpolator': 'sitkBSpline', 'additionalInfo': True}",{'Original': {}},3D,"(512, 512, 1)",95.7005615234375,0,1497,fdf5634cd4090845f45ada6af1bffb43e4a50bd1,942,2.79030544280072,119,93.4851380042463,93,72,0.071755976322907,67.8697366582372,0.178609122869609,0.521596541650963,0.910695438565196,0.491140183434323,1.47361653213093
/home/ale/Desktop/Datos procesados/11/Segment 11 in/11in.nrrd,/home/ale/Desktop/Datos procesados/11/Segment 11 in/11LabelMapVolume_7in.nrrd,"{'normalize': False, 'normalizeScale': 1, 'interpolator': 'sitkBSpline', 'additionalInfo': True}",{'Original': {}},3D,"(512, 512, 1)",95.7005615234375,0,1497,1649e8f0b0e6081e78498cb20e286acc5bf3e153,945,3.06595476064984,131,102.832804232804,103,62,-0.147621582215097,115.415431818818,0.236401634982113,0.586217569391836,0.881799182508944,0.328410984898476,1.97166207394766
/home/ale/Desktop/Datos procesados/11/Segment 11 in/11in.nrrd,/home/ale/Desktop/Datos procesados/11/Segment 11 in/11LabelMapVolume_8in.nrrd,"{'normalize': False, 'normalizeScale': 1, 'interpolator': 'sitkBSpline', 'additionalInfo': True}",{'Original': {}},3D,"(512, 512, 1)",95.7005615234375,0,1497,d89953469e93370b48c22f42cfd2744a05be8e32,941,3.37366172605189,129,94.2922422954304,94,72,0.413162810398915,77.8646475757244,0.163480042212428,0.618409953890846,0.918259978893786,0.469172352549171,1.54593760727666
/home/ale/Desktop/Datos procesados/11/Segment 11 in/11in.nrrd,/home/ale/Desktop/Datos procesados/11/Segment 11 in/11LabelMapVolume_all_in.nrrd,"{'normalize': False, 'normalizeScale': 1, 'interpolator': 'sitkBSpline', 'additionalInfo': True}",{'Original': {}},3D,"(512, 512, 1)",95.7005615234375,0,1497,d0c90a2abfa05d3a219f5874db8b48b6b5653cb6,30319,7.04162800683096,356,118.598469606517,111,46,1.49486571143722,911.941085424643,0.235514412029316,0.921885101503101,0.887976379840297,0.182637306155209,3.10922495328036
