Image,Mask,diagnostics_Configuration_Settings,diagnostics_Configuration_EnabledImageTypes,diagnostics_Image-original_Dimensionality,diagnostics_Image-original_Size,diagnostics_Image-original_Mean,diagnostics_Image-original_Minimum,diagnostics_Image-original_Maximum,diagnostics_Mask-original_Hash,diagnostics_Mask-original_VoxelNum,original_firstorder_Kurtosis,original_firstorder_Maximum,original_firstorder_Mean,original_firstorder_Median,original_firstorder_Minimum,original_firstorder_Skewness,original_firstorder_Variance,original_glcm_Contrast,original_glcm_Correlation,original_glcm_Idm,original_glcm_JointEnergy,original_glcm_JointEntropy
/home/ale/Desktop/Datos procesados/26/Segment 26 out/26out.nrrd,/home/ale/Desktop/Datos procesados/26/Segment 26 out/26LabelMapVolume_1out.nrrd,"{'normalize': False, 'normalizeScale': 1, 'interpolator': 'sitkBSpline', 'additionalInfo': True}",{'Original': {}},3D,"(640, 440, 1)",89.8747443181818,0,431,5523df7a88e12699fa9d57a91dfc6d9b4578eb76,1717,4.43344789893441,302,268.302271403611,276,189,-1.3356283962744,425.015795656101,0.152161401946404,0.904822132829903,0.924101337861749,0.308660601797654,2.31136566852185
/home/ale/Desktop/Datos procesados/26/Segment 26 out/26out.nrrd,/home/ale/Desktop/Datos procesados/26/Segment 26 out/26LabelMapVolume_2out.nrrd,"{'normalize': False, 'normalizeScale': 1, 'interpolator': 'sitkBSpline', 'additionalInfo': True}",{'Original': {}},3D,"(640, 440, 1)",89.8747443181818,0,431,1d0342509a742077b8896d018fd474d4fba7bd9a,1714,1.62827098059082,294,218.109684947491,221.5,126,-0.137989231665867,2002.92729243283,0.275118483136032,0.957042411661631,0.865539093605175,0.100728720763704,3.71703691874808
/home/ale/Desktop/Datos procesados/26/Segment 26 out/26out.nrrd,/home/ale/Desktop/Datos procesados/26/Segment 26 out/26LabelMapVolume_3out.nrrd,"{'normalize': False, 'normalizeScale': 1, 'interpolator': 'sitkBSpline', 'additionalInfo': True}",{'Original': {}},3D,"(640, 440, 1)",89.8747443181818,0,431,0a064bb4de19dc3eb81a370cfc38967ebfdf3794,1715,3.51989177619253,271,231.814577259475,244,139,-1.19021350263718,932.518388086597,0.232772373704788,0.929589146737521,0.884525113269112,0.19366945384391,2.99546872303219
/home/ale/Desktop/Datos procesados/26/Segment 26 out/26out.nrrd,/home/ale/Desktop/Datos procesados/26/Segment 26 out/26LabelMapVolume_4out.nrrd,"{'normalize': False, 'normalizeScale': 1, 'interpolator': 'sitkBSpline', 'additionalInfo': True}",{'Original': {}},3D,"(640, 440, 1)",89.8747443181818,0,431,150f3974a339264d78bf86fbe11bcfe2cf85de59,1717,7.33721205450132,247,219.849155503786,224,141,-1.95132602019072,321.719237784205,0.161042525203138,0.878035669028601,0.919660776233382,0.308020656904848,2.21989824488036
/home/ale/Desktop/Datos procesados/26/Segment 26 out/26out.nrrd,/home/ale/Desktop/Datos procesados/26/Segment 26 out/26LabelMapVolume_5out.nrrd,"{'normalize': False, 'normalizeScale': 1, 'interpolator': 'sitkBSpline', 'additionalInfo': True}",{'Original': {}},3D,"(640, 440, 1)",89.8747443181818,0,431,11d990acd02989139c536dda9cf1580538e11d8c,1716,11.9653789300582,241,213.106060606061,215,127,-2.24017492655144,191.612294271385,0.151234803854222,0.795128059820424,0.924747118121492,0.485627821368967,1.79121756113127
/home/ale/Desktop/Datos procesados/26/Segment 26 out/26out.nrrd,/home/ale/Desktop/Datos procesados/26/Segment 26 out/26LabelMapVolume_6out.nrrd,"{'normalize': False, 'normalizeScale': 1, 'interpolator': 'sitkBSpline', 'additionalInfo': True}",{'Original': {}},3D,"(640, 440, 1)",89.8747443181818,0,431,0fc771e0be2c4e0d2344f90b97bcafaf7e25a320,1715,8.63978587417228,268,232.71778425656,240,121,-2.24886649194399,643.929683720219,0.232876200297859,0.891828928959939,0.88483772002118,0.309783318006516,2.56762788808262
/home/ale/Desktop/Datos procesados/26/Segment 26 out/26out.nrrd,/home/ale/Desktop/Datos procesados/26/Segment 26 out/26LabelMapVolume_7out.nrrd,"{'normalize': False, 'normalizeScale': 1, 'interpolator': 'sitkBSpline', 'additionalInfo': True}",{'Original': {}},3D,"(640, 440, 1)",89.8747443181818,0,431,19500b6d7dfe16e42e2ca579ea70c9476396c239,1714,5.85945345111088,261,228.556009334889,234,136,-1.56961180794085,502.147679757206,0.187363688761421,0.892836563760524,0.906500637371114,0.29389782061826,2.54686582075118
/home/ale/Desktop/Datos procesados/26/Segment 26 out/26out.nrrd,/home/ale/Desktop/Datos procesados/26/Segment 26 out/26LabelMapVolume_8out.nrrd,"{'normalize': False, 'normalizeScale': 1, 'interpolator': 'sitkBSpline', 'additionalInfo': True}",{'Original': {}},3D,"(640, 440, 1)",89.8747443181818,0,431,e5b653b053354cd338f9f4142124e4f2cf077a87,1718,4.00954196564409,272,233.57625145518,245,131,-1.27328415077159,828.224395261567,0.291146367190239,0.899802556671871,0.858429242117433,0.17545908689969,3.08362142657575
/home/ale/Desktop/Datos procesados/26/Segment 26 out/26out.nrrd,/home/ale/Desktop/Datos procesados/26/Segment 26 out/26LabelMapVolume_all_out.nrrd,"{'normalize': False, 'normalizeScale': 1, 'interpolator': 'sitkBSpline', 'additionalInfo': True}",{'Original': {}},3D,"(640, 440, 1)",89.8747443181818,0,431,b0a6be2399d9b982d0500c3c4d005fefc6729a63,41234,3.62869873359233,309,228.709463064461,236,40,-0.957269430678677,1517.4597023697,0.211060745314422,0.958434217743866,0.898230952855782,0.138876409928506,3.47103980468402
