Image,Mask,diagnostics_Configuration_Settings,diagnostics_Configuration_EnabledImageTypes,diagnostics_Image-original_Dimensionality,diagnostics_Image-original_Size,diagnostics_Image-original_Mean,diagnostics_Image-original_Minimum,diagnostics_Image-original_Maximum,diagnostics_Mask-original_Hash,diagnostics_Mask-original_VoxelNum,original_firstorder_Kurtosis,original_firstorder_Maximum,original_firstorder_Mean,original_firstorder_Median,original_firstorder_Minimum,original_firstorder_Skewness,original_firstorder_Variance,original_glcm_Contrast,original_glcm_Correlation,original_glcm_Idm,original_glcm_JointEnergy,original_glcm_JointEntropy
/home/ale/Desktop/Datos procesados/21/Segment 21 out/21out.nrrd,/home/ale/Desktop/Datos procesados/21/Segment 21 out/21LabelMapVolume_1out.nrrd,"{'normalize': False, 'normalizeScale': 1, 'interpolator': 'sitkBSpline', 'additionalInfo': True}",{'Original': {}},3D,"(640, 520, 1)",81.3728816105769,0,433,7576e708c10e6932342842994ee8649e09e97823,1715,2.4996318301362,135,90.6040816326531,90,57,0.241237512125053,235.336543107039,0.144329336398348,0.84288545806198,0.927835331800826,0.321250077852822,2.15173279899442
/home/ale/Desktop/Datos procesados/21/Segment 21 out/21out.nrrd,/home/ale/Desktop/Datos procesados/21/Segment 21 out/21LabelMapVolume_2out.nrrd,"{'normalize': False, 'normalizeScale': 1, 'interpolator': 'sitkBSpline', 'additionalInfo': True}",{'Original': {}},3D,"(640, 520, 1)",81.3728816105769,0,433,1da4afe581e8b7bdc9981cf1c777156bc0898bb0,1717,3.26873490300455,131,90.934769947583,88,61,0.779342566091363,173.661441021625,0.128935379445295,0.776982255471148,0.935532310277352,0.47152503315096,1.72424584484643
/home/ale/Desktop/Datos procesados/21/Segment 21 out/21out.nrrd,/home/ale/Desktop/Datos procesados/21/Segment 21 out/21LabelMapVolume_3out.nrrd,"{'normalize': False, 'normalizeScale': 1, 'interpolator': 'sitkBSpline', 'additionalInfo': True}",{'Original': {}},3D,"(640, 520, 1)",81.3728816105769,0,433,89e028bb22ded77c2d8b88f63678d8808b57561e,1715,2.79192331378484,103,82.1370262390671,82,59,-0.065608500865053,54.5462383870666,0.101126090673078,0.639830852790306,0.949436954663461,0.635998031994725,1.11844297852509
/home/ale/Desktop/Datos procesados/21/Segment 21 out/21out.nrrd,/home/ale/Desktop/Datos procesados/21/Segment 21 out/21LabelMapVolume_4out.nrrd,"{'normalize': False, 'normalizeScale': 1, 'interpolator': 'sitkBSpline', 'additionalInfo': True}",{'Original': {}},3D,"(640, 520, 1)",81.3728816105769,0,433,ba488517f0c451f46e7a72a6571779c938cfd188,1716,3.5091818993756,106,79.6905594405594,79,47,0.197307612855425,72.4024982884249,0.142408767791068,0.702241214015676,0.928795616104466,0.448393181993558,1.61792359837803
/home/ale/Desktop/Datos procesados/21/Segment 21 out/21out.nrrd,/home/ale/Desktop/Datos procesados/21/Segment 21 out/21LabelMapVolume_5out.nrrd,"{'normalize': False, 'normalizeScale': 1, 'interpolator': 'sitkBSpline', 'additionalInfo': True}",{'Original': {}},3D,"(640, 520, 1)",81.3728816105769,0,433,9ea4ddc3773b997ceb61ea37e09cf0c79b58d82e,1717,2.36481596450523,148,110.408852649971,113,70,-0.340931309343588,272.424569271823,0.136603702474913,0.858486169206421,0.931698148762543,0.306470564098043,2.13305961796818
/home/ale/Desktop/Datos procesados/21/Segment 21 out/21out.nrrd,/home/ale/Desktop/Datos procesados/21/Segment 21 out/21LabelMapVolume_6out.nrrd,"{'normalize': False, 'normalizeScale': 1, 'interpolator': 'sitkBSpline', 'additionalInfo': True}",{'Original': {}},3D,"(640, 520, 1)",81.3728816105769,0,433,2ae83c7e02653f8d9cdef8f86cfba460eaad04ff,1715,2.70141122749988,122,92.2868804664723,93,60,-0.167117578242595,115.284463446353,0.167180565770943,0.689922417314193,0.916409717114529,0.412609564500336,1.77985876742548
/home/ale/Desktop/Datos procesados/21/Segment 21 out/21out.nrrd,/home/ale/Desktop/Datos procesados/21/Segment 21 out/21LabelMapVolume_7out.nrrd,"{'normalize': False, 'normalizeScale': 1, 'interpolator': 'sitkBSpline', 'additionalInfo': True}",{'Original': {}},3D,"(640, 520, 1)",81.3728816105769,0,433,ec469e55403076ae16acd869e19e370145a5d2a4,1716,3.18578146628825,121,89.997668997669,89,64,0.450863857385656,75.1480132144468,0.105550201435123,0.610803535596434,0.947224899282439,0.648411178539635,1.13697978230767
/home/ale/Desktop/Datos procesados/21/Segment 21 out/21out.nrrd,/home/ale/Desktop/Datos procesados/21/Segment 21 out/21LabelMapVolume_8out.nrrd,"{'normalize': False, 'normalizeScale': 1, 'interpolator': 'sitkBSpline', 'additionalInfo': True}",{'Original': {}},3D,"(640, 520, 1)",81.3728816105769,0,433,07e5fb4c321f877ddecd12d9caa4bbd4843295ce,1716,3.40286312130703,111,80.5151515151515,80,63,0.395183825715971,51.7963904782087,0.165671692619582,0.540410759306946,0.917164153690209,0.514861188807339,1.42737974413143
/home/ale/Desktop/Datos procesados/21/Segment 21 out/21out.nrrd,/home/ale/Desktop/Datos procesados/21/Segment 21 out/21LabelMapVolume_all_out.nrrd,"{'normalize': False, 'normalizeScale': 1, 'interpolator': 'sitkBSpline', 'additionalInfo': True}",{'Original': {}},3D,"(640, 520, 1)",81.3728816105769,0,433,53784391954d72f157876a0f1b924bb1e0bc6b1b,54784,4.19890902556999,173,87.6331228095794,86,11,0.152964723064062,320.771231296542,0.174332056361534,0.850303326279144,0.913482376041667,0.311962911625756,2.40329086709632
