Image,Mask,diagnostics_Configuration_Settings,diagnostics_Configuration_EnabledImageTypes,diagnostics_Image-original_Dimensionality,diagnostics_Image-original_Size,diagnostics_Image-original_Mean,diagnostics_Image-original_Minimum,diagnostics_Image-original_Maximum,diagnostics_Mask-original_Hash,diagnostics_Mask-original_VoxelNum,original_firstorder_Kurtosis,original_firstorder_Maximum,original_firstorder_Mean,original_firstorder_Median,original_firstorder_Minimum,original_firstorder_Skewness,original_firstorder_Variance,original_glcm_Contrast,original_glcm_Correlation,original_glcm_Idm,original_glcm_JointEnergy,original_glcm_JointEntropy
/home/ale/Desktop/Datos procesados/8/Segment 8 out/8out.nrrd,/home/ale/Desktop/Datos procesados/8/Segment 8 out/8LabelMapVolume_1out.nrrd,"{'normalize': False, 'normalizeScale': 1, 'interpolator': 'sitkBSpline', 'additionalInfo': True}",{'Original': {}},3D,"(256, 256, 1)",96.5784149169922,0,1017,ef679a3591ca97dfbb9a4b6461fca21f4d62adc8,274,6.96438015588799,165,96.1240875912409,94.5,68,1.23833569482961,162.714529276999,0.341761104560319,0.47386678873931,0.849591511335452,0.342974154974237,2.15660776847361
/home/ale/Desktop/Datos procesados/8/Segment 8 out/8out.nrrd,/home/ale/Desktop/Datos procesados/8/Segment 8 out/8LabelMapVolume_2out.nrrd,"{'normalize': False, 'normalizeScale': 1, 'interpolator': 'sitkBSpline', 'additionalInfo': True}",{'Original': {}},3D,"(256, 256, 1)",96.5784149169922,0,1017,7989201c293d0d293e0262e08cb0a8eb89ab136b,274,2.68443111688681,113,85.8175182481752,85,51,0.11368270844251,126.309766103682,0.286723310574509,0.492408432795103,0.856638344712746,0.360979237325779,2.07635808722336
/home/ale/Desktop/Datos procesados/8/Segment 8 out/8out.nrrd,/home/ale/Desktop/Datos procesados/8/Segment 8 out/8LabelMapVolume_3out.nrrd,"{'normalize': False, 'normalizeScale': 1, 'interpolator': 'sitkBSpline', 'additionalInfo': True}",{'Original': {}},3D,"(256, 256, 1)",96.5784149169922,0,1017,a05a697ad1cb82fb90fb23a08c859f8499f1f9ed,274,6.70945511900093,172,82.8430656934307,79,44,1.70177697201137,446.803838776706,0.619070532353973,0.603392564489782,0.771121901915154,0.201974670773381,2.94143377929889
/home/ale/Desktop/Datos procesados/8/Segment 8 out/8out.nrrd,/home/ale/Desktop/Datos procesados/8/Segment 8 out/8LabelMapVolume_4out.nrrd,"{'normalize': False, 'normalizeScale': 1, 'interpolator': 'sitkBSpline', 'additionalInfo': True}",{'Original': {}},3D,"(256, 256, 1)",96.5784149169922,0,1017,209b4ee169efc546715aeee55b71ed9de0ab2d76,274,3.26912998870417,174,117.116788321168,115,65,0.355143319536216,283.774681655922,0.365063352288679,0.587481589631157,0.841646902959861,0.258212403650399,2.56612501854727
/home/ale/Desktop/Datos procesados/8/Segment 8 out/8out.nrrd,/home/ale/Desktop/Datos procesados/8/Segment 8 out/8LabelMapVolume_5out.nrrd,"{'normalize': False, 'normalizeScale': 1, 'interpolator': 'sitkBSpline', 'additionalInfo': True}",{'Original': {}},3D,"(256, 256, 1)",96.5784149169922,0,1017,84816faff52504c4918db8c35550cd615a282325,274,2.44394312965617,243,185.164233576642,186,129,0.156356145019233,445.137260908946,0.362480371445678,0.766371809365527,0.828515911838136,0.167150518895983,2.99323939025779
/home/ale/Desktop/Datos procesados/8/Segment 8 out/8out.nrrd,/home/ale/Desktop/Datos procesados/8/Segment 8 out/8LabelMapVolume_6out.nrrd,"{'normalize': False, 'normalizeScale': 1, 'interpolator': 'sitkBSpline', 'additionalInfo': True}",{'Original': {}},3D,"(256, 256, 1)",96.5784149169922,0,1017,46484c7566da616cd6a7fc76a62e0fc1de3c8e98,274,2.4174849724308,193,146.934306569343,144,111,0.334470938372396,248.740209920614,0.35611010622101,0.58503686334373,0.835224907874106,0.254254097646047,2.52768849181645
/home/ale/Desktop/Datos procesados/8/Segment 8 out/8out.nrrd,/home/ale/Desktop/Datos procesados/8/Segment 8 out/8LabelMapVolume_7out.nrrd,"{'normalize': False, 'normalizeScale': 1, 'interpolator': 'sitkBSpline', 'additionalInfo': True}",{'Original': {}},3D,"(256, 256, 1)",96.5784149169922,0,1017,cdbcd8b7878229cfc6edacd099b813f3a17ebec7,275,2.89218417261625,153,86.12,82,42,0.600693432139883,506.789236363636,0.515162299727502,0.727521070313692,0.78192594163845,0.144502956937032,3.24412467687998
/home/ale/Desktop/Datos procesados/8/Segment 8 out/8out.nrrd,/home/ale/Desktop/Datos procesados/8/Segment 8 out/8LabelMapVolume_8out.nrrd,"{'normalize': False, 'normalizeScale': 1, 'interpolator': 'sitkBSpline', 'additionalInfo': True}",{'Original': {}},3D,"(256, 256, 1)",96.5784149169922,0,1017,db762cc1184e9a5948b49bef5e5b545d79de5829,276,2.67498680420706,83,58.1449275362319,59,26,-0.254301038698541,111.305082965763,0.280172557502824,0.380224707964466,0.862333076087297,0.406225180166894,1.84444743028492
/home/ale/Desktop/Datos procesados/8/Segment 8 out/8out.nrrd,/home/ale/Desktop/Datos procesados/8/Segment 8 out/8LabelMapVolume_all_out.nrrd,"{'normalize': False, 'normalizeScale': 1, 'interpolator': 'sitkBSpline', 'additionalInfo': True}",{'Original': {}},3D,"(256, 256, 1)",96.5784149169922,0,1017,a9706c6dd08336f49efb965121ec2b618c4251f2,11595,3.89883317657509,271,100.396722725313,89,2,1.06512953122409,1737.17525445999,0.478634229171254,0.914598230992105,0.819736444042293,0.107852305601211,3.96970734311805
