Image,Mask,diagnostics_Configuration_Settings,diagnostics_Configuration_EnabledImageTypes,diagnostics_Image-original_Dimensionality,diagnostics_Image-original_Size,diagnostics_Image-original_Mean,diagnostics_Image-original_Minimum,diagnostics_Image-original_Maximum,diagnostics_Mask-original_Hash,diagnostics_Mask-original_VoxelNum,original_firstorder_Kurtosis,original_firstorder_Maximum,original_firstorder_Mean,original_firstorder_Median,original_firstorder_Minimum,original_firstorder_Skewness,original_firstorder_Variance,original_glcm_Contrast,original_glcm_Correlation,original_glcm_Idm,original_glcm_JointEnergy,original_glcm_JointEntropy
/home/ale/Desktop/Datos procesados/25/Segment 25 in/25in.nrrd,/home/ale/Desktop/Datos procesados/25/Segment 25 in/25LabelMapVolume_1in.nrrd,"{'normalize': False, 'normalizeScale': 1, 'interpolator': 'sitkBSpline', 'additionalInfo': True}",{'Original': {}},3D,"(640, 520, 1)",162.098768028846,0,492,f7dc1b685734b6ca866150256d85a440fc637cd5,1714,3.93888211501342,196,164.767211201867,166,120,-0.574304364421934,103.667512992733,0.133372582308752,0.720871534165907,0.933313708845624,0.510096230449961,1.61229312790536
/home/ale/Desktop/Datos procesados/25/Segment 25 in/25in.nrrd,/home/ale/Desktop/Datos procesados/25/Segment 25 in/25LabelMapVolume_2in.nrrd,"{'normalize': False, 'normalizeScale': 1, 'interpolator': 'sitkBSpline', 'additionalInfo': True}",{'Original': {}},3D,"(640, 520, 1)",162.098768028846,0,492,560a256c7c2902a699cecb27fb43f8628ffc5baf,1717,3.02393049641429,194,158.954571927781,161,117,-0.481595865279362,189.642665469055,0.136271201485414,0.800686269127344,0.931864399257293,0.416608855609095,1.89378494154205
/home/ale/Desktop/Datos procesados/25/Segment 25 in/25in.nrrd,/home/ale/Desktop/Datos procesados/25/Segment 25 in/25LabelMapVolume_3in.nrrd,"{'normalize': False, 'normalizeScale': 1, 'interpolator': 'sitkBSpline', 'additionalInfo': True}",{'Original': {}},3D,"(640, 520, 1)",162.098768028846,0,492,25a847eb67c9f048399858a975c4a58a9320e2d6,1717,2.6512260386356,187,156.408270238789,156,120,0.102158244730975,125.298079535591,0.154108024260203,0.75085143118268,0.922945987869898,0.386712224700476,1.86551979288511
/home/ale/Desktop/Datos procesados/25/Segment 25 in/25in.nrrd,/home/ale/Desktop/Datos procesados/25/Segment 25 in/25LabelMapVolume_4in.nrrd,"{'normalize': False, 'normalizeScale': 1, 'interpolator': 'sitkBSpline', 'additionalInfo': True}",{'Original': {}},3D,"(640, 520, 1)",162.098768028846,0,492,d598973b4c1c927b4d41d5eeb51d4442d25a7ca9,1715,5.32875680187888,175,147.689212827988,150,92,-1.25800028553192,182.033440488232,0.157109161399798,0.808139628756923,0.921445419300101,0.334956130752054,1.99655861043074
/home/ale/Desktop/Datos procesados/25/Segment 25 in/25in.nrrd,/home/ale/Desktop/Datos procesados/25/Segment 25 in/25LabelMapVolume_5in.nrrd,"{'normalize': False, 'normalizeScale': 1, 'interpolator': 'sitkBSpline', 'additionalInfo': True}",{'Original': {}},3D,"(640, 520, 1)",162.098768028846,0,492,55c4300d0b3e303d45c9237a8e3ab5c13196000e,1716,5.26124249687383,204,171.190559440559,175,94,-1.31444088749254,261.516717402644,0.199949809673767,0.809240018764513,0.900025095163117,0.291590502590087,2.25905403621721
/home/ale/Desktop/Datos procesados/25/Segment 25 in/25in.nrrd,/home/ale/Desktop/Datos procesados/25/Segment 25 in/25LabelMapVolume_6in.nrrd,"{'normalize': False, 'normalizeScale': 1, 'interpolator': 'sitkBSpline', 'additionalInfo': True}",{'Original': {}},3D,"(640, 520, 1)",162.098768028846,0,492,94b602b693fce2c31b5c3485e03e826b23e1b992,1715,3.27807816143559,189,155.199416909621,155,113,0.001916004449592,142.56431452881,0.192523911144044,0.706245970590092,0.903738044427977,0.351872697266573,2.01177970392627
/home/ale/Desktop/Datos procesados/25/Segment 25 in/25in.nrrd,/home/ale/Desktop/Datos procesados/25/Segment 25 in/25LabelMapVolume_7in.nrrd,"{'normalize': False, 'normalizeScale': 1, 'interpolator': 'sitkBSpline', 'additionalInfo': True}",{'Original': {}},3D,"(640, 520, 1)",162.098768028846,0,492,789b2eaea3c988ac9cbea10fc40a41c32b6ab907,1716,7.98324130133599,220,188.258158508159,192,110,-1.93951829885613,274.753284254595,0.190009903301671,0.812163705072924,0.904995048349164,0.395627322460822,2.09053203737229
/home/ale/Desktop/Datos procesados/25/Segment 25 in/25in.nrrd,/home/ale/Desktop/Datos procesados/25/Segment 25 in/25LabelMapVolume_8in.nrrd,"{'normalize': False, 'normalizeScale': 1, 'interpolator': 'sitkBSpline', 'additionalInfo': True}",{'Original': {}},3D,"(640, 520, 1)",162.098768028846,0,492,c789abdaf90f840f941e2cc79d2fe427ecba1122,1715,4.80504986182214,215,189.21166180758,190,133,-0.755436163197544,116.045578287958,0.177574978958777,0.637198734145838,0.911394770544913,0.478782000598095,1.73654909101556
/home/ale/Desktop/Datos procesados/25/Segment 25 in/25in.nrrd,/home/ale/Desktop/Datos procesados/25/Segment 25 in/25LabelMapVolume_all_in.nrrd,"{'normalize': False, 'normalizeScale': 1, 'interpolator': 'sitkBSpline', 'additionalInfo': True}",{'Original': {}},3D,"(640, 520, 1)",162.098768028846,0,492,abc62b289804f9ee40a8d6c442f1a72cc9a7bbbc,54554,3.53919991969383,238,166.318620082854,166,46,-0.239426173013365,475.449971509327,0.168994539669479,0.899320373442253,0.915619430775036,0.228593855474065,2.68478072662172
