Image,Mask,diagnostics_Configuration_Settings,diagnostics_Configuration_EnabledImageTypes,diagnostics_Image-original_Dimensionality,diagnostics_Image-original_Size,diagnostics_Image-original_Mean,diagnostics_Image-original_Minimum,diagnostics_Image-original_Maximum,diagnostics_Mask-original_Hash,diagnostics_Mask-original_VoxelNum,original_firstorder_Kurtosis,original_firstorder_Maximum,original_firstorder_Mean,original_firstorder_Median,original_firstorder_Minimum,original_firstorder_Skewness,original_firstorder_Variance,original_glcm_Contrast,original_glcm_Correlation,original_glcm_Idm,original_glcm_JointEnergy,original_glcm_JointEntropy
/home/ale/Desktop/Datos procesados/11/Segment 11 out/11out.nrrd,/home/ale/Desktop/Datos procesados/11/Segment 11 out/11LabelMapVolume_1out.nrrd,"{'normalize': False, 'normalizeScale': 1, 'interpolator': 'sitkBSpline', 'additionalInfo': True}",{'Original': {}},3D,"(512, 512, 1)",78.866870880127,0,1349,6d9df9e9de915ba2b153c1673d68e2ed7caa9d93,943,2.16515073531252,182,137.519618239661,138,97,0.024239228887346,305.79574449901,0.188439689312324,0.83668272868827,0.905780155343838,0.239085941587725,2.39998112030648
/home/ale/Desktop/Datos procesados/11/Segment 11 out/11out.nrrd,/home/ale/Desktop/Datos procesados/11/Segment 11 out/11LabelMapVolume_2out.nrrd,"{'normalize': False, 'normalizeScale': 1, 'interpolator': 'sitkBSpline', 'additionalInfo': True}",{'Original': {}},3D,"(512, 512, 1)",78.866870880127,0,1349,fa1a99aacd776aca76dce2e340f96ef667110515,944,2.33748761600616,171,124.58156779661,123,85,0.1572639030958,302.395889067437,0.205425457917923,0.799519759381124,0.897287271041039,0.270312193367468,2.39992746459508
/home/ale/Desktop/Datos procesados/11/Segment 11 out/11out.nrrd,/home/ale/Desktop/Datos procesados/11/Segment 11 out/11LabelMapVolume_3out.nrrd,"{'normalize': False, 'normalizeScale': 1, 'interpolator': 'sitkBSpline', 'additionalInfo': True}",{'Original': {}},3D,"(512, 512, 1)",78.866870880127,0,1349,1f010d79a6adf4778bf7129cb39fbeee1a12895c,943,2.89836362473313,190,136.256627783669,135,97,0.239230220611202,235.694481523173,0.205369238261454,0.762743053529748,0.897315380869273,0.302884105059251,2.2747846300772
/home/ale/Desktop/Datos procesados/11/Segment 11 out/11out.nrrd,/home/ale/Desktop/Datos procesados/11/Segment 11 out/11LabelMapVolume_4out.nrrd,"{'normalize': False, 'normalizeScale': 1, 'interpolator': 'sitkBSpline', 'additionalInfo': True}",{'Original': {}},3D,"(512, 512, 1)",78.866870880127,0,1349,d7524613c86e32ca600decd30ca04a12cb96e013,942,2.96308286213458,127,103.966029723992,104,84,0.021451755703092,48.3491644916855,0.198425430901186,0.487688295432378,0.900787284549407,0.455697222130206,1.50406717456018
/home/ale/Desktop/Datos procesados/11/Segment 11 out/11out.nrrd,/home/ale/Desktop/Datos procesados/11/Segment 11 out/11LabelMapVolume_5out.nrrd,"{'normalize': False, 'normalizeScale': 1, 'interpolator': 'sitkBSpline', 'additionalInfo': True}",{'Original': {}},3D,"(512, 512, 1)",78.866870880127,0,1349,cdc1eb701dfd9c2ffa47438a4bc5a022ee221893,945,2.82195159581076,150,119.488888888889,118,91,0.313441476035563,113.183209876543,0.194488474937311,0.5984144839205,0.902755762531344,0.398915552492961,1.74190627769002
/home/ale/Desktop/Datos procesados/11/Segment 11 out/11out.nrrd,/home/ale/Desktop/Datos procesados/11/Segment 11 out/11LabelMapVolume_6out.nrrd,"{'normalize': False, 'normalizeScale': 1, 'interpolator': 'sitkBSpline', 'additionalInfo': True}",{'Original': {}},3D,"(512, 512, 1)",78.866870880127,0,1349,fdf5634cd4090845f45ada6af1bffb43e4a50bd1,942,2.66141435428442,115,93.9936305732484,94,69,-0.002128390116748,52.5583458422925,0.192498940843312,0.481421739112726,0.903750529578344,0.479310817530685,1.48100174727618
/home/ale/Desktop/Datos procesados/11/Segment 11 out/11out.nrrd,/home/ale/Desktop/Datos procesados/11/Segment 11 out/11LabelMapVolume_7out.nrrd,"{'normalize': False, 'normalizeScale': 1, 'interpolator': 'sitkBSpline', 'additionalInfo': True}",{'Original': {}},3D,"(512, 512, 1)",78.866870880127,0,1349,1649e8f0b0e6081e78498cb20e286acc5bf3e153,945,3.19944512807315,133,98.8560846560847,99,64,0.089912151712605,130.58881218331,0.265015053858814,0.584546444613973,0.867828043540392,0.287976277831688,2.12894562137393
/home/ale/Desktop/Datos procesados/11/Segment 11 out/11out.nrrd,/home/ale/Desktop/Datos procesados/11/Segment 11 out/11LabelMapVolume_8out.nrrd,"{'normalize': False, 'normalizeScale': 1, 'interpolator': 'sitkBSpline', 'additionalInfo': True}",{'Original': {}},3D,"(512, 512, 1)",78.866870880127,0,1349,d89953469e93370b48c22f42cfd2744a05be8e32,941,2.83048682219541,124,92.0074388947928,92,64,0.028504949426255,110.710890465182,0.191875659569185,0.617656138099038,0.904062170215408,0.421526720271405,1.79219782877887
/home/ale/Desktop/Datos procesados/11/Segment 11 out/11out.nrrd,/home/ale/Desktop/Datos procesados/11/Segment 11 out/11LabelMapVolume_all_out.nrrd,"{'normalize': False, 'normalizeScale': 1, 'interpolator': 'sitkBSpline', 'additionalInfo': True}",{'Original': {}},3D,"(512, 512, 1)",78.866870880127,0,1349,d0c90a2abfa05d3a219f5874db8b48b6b5653cb6,30319,4.85984130510236,295,113.794947062898,108,2,0.768382183682529,950.591912196644,0.291170265086549,0.907634925269636,0.868096857355404,0.157731895088661,3.36228514868777
