Image,Mask,diagnostics_Configuration_Settings,diagnostics_Configuration_EnabledImageTypes,diagnostics_Image-original_Dimensionality,diagnostics_Image-original_Size,diagnostics_Image-original_Mean,diagnostics_Image-original_Minimum,diagnostics_Image-original_Maximum,diagnostics_Mask-original_Hash,diagnostics_Mask-original_VoxelNum,original_firstorder_Kurtosis,original_firstorder_Maximum,original_firstorder_Mean,original_firstorder_Median,original_firstorder_Minimum,original_firstorder_Skewness,original_firstorder_Variance,original_glcm_Contrast,original_glcm_Correlation,original_glcm_Idm,original_glcm_JointEnergy,original_glcm_JointEntropy
/home/ale/Desktop/Datos procesados/19/Segment 19 out/19out.nrrd,/home/ale/Desktop/Datos procesados/19/Segment 19 out/19LabelMapVolume_1out.nrrd,"{'normalize': False, 'normalizeScale': 1, 'interpolator': 'sitkBSpline', 'additionalInfo': True}",{'Original': {}},3D,"(256, 256, 1)",97.6977691650391,0,1061,b4a093605bca3709746ccc55912bb8315726d651,307,3.5075389740221,205,163.674267100977,163,112,-0.177952595850716,227.574679837452,0.454255759155742,0.455125472676764,0.798602198380668,0.250204636505062,2.61114392734828
/home/ale/Desktop/Datos procesados/19/Segment 19 out/19out.nrrd,/home/ale/Desktop/Datos procesados/19/Segment 19 out/19LabelMapVolume_2out.nrrd,"{'normalize': False, 'normalizeScale': 1, 'interpolator': 'sitkBSpline', 'additionalInfo': True}",{'Original': {}},3D,"(256, 256, 1)",97.6977691650391,0,1061,dd7579525a220f60c8599a9e1658bb0af3eb3963,305,3.1956019822634,208,170.334426229508,171,133,-0.152850590204613,131.979962375705,0.497292143401983,0.215765497933867,0.768573607932876,0.236632474998851,2.3611265979779
/home/ale/Desktop/Datos procesados/19/Segment 19 out/19out.nrrd,/home/ale/Desktop/Datos procesados/19/Segment 19 out/19LabelMapVolume_3out.nrrd,"{'normalize': False, 'normalizeScale': 1, 'interpolator': 'sitkBSpline', 'additionalInfo': True}",{'Original': {}},3D,"(256, 256, 1)",97.6977691650391,0,1061,01726ec919e000e8cef5a3070abeddf3d5ad06d3,307,4.63873003110629,172,140.195439739414,144,62,-1.20954897685116,369.4145720379,0.656896161392564,0.526316540990399,0.734798385068169,0.167314661452078,3.01277733949267
/home/ale/Desktop/Datos procesados/19/Segment 19 out/19out.nrrd,/home/ale/Desktop/Datos procesados/19/Segment 19 out/19LabelMapVolume_4out.nrrd,"{'normalize': False, 'normalizeScale': 1, 'interpolator': 'sitkBSpline', 'additionalInfo': True}",{'Original': {}},3D,"(256, 256, 1)",97.6977691650391,0,1061,8f2331b5476a8c8cb0e754f876f59507116d5716,306,3.26713238266167,188,129.993464052288,131,69,-0.25203497126203,446.745055320603,0.702664663856,0.557939488174843,0.733443361692459,0.140167500677955,3.40478015393418
/home/ale/Desktop/Datos procesados/19/Segment 19 out/19out.nrrd,/home/ale/Desktop/Datos procesados/19/Segment 19 out/19LabelMapVolume_5out.nrrd,"{'normalize': False, 'normalizeScale': 1, 'interpolator': 'sitkBSpline', 'additionalInfo': True}",{'Original': {}},3D,"(256, 256, 1)",97.6977691650391,0,1061,11e490389dcfed5548857c5c2740e11c9295cc4a,306,2.66847450441338,330,245.846405228758,244.5,153,-0.068691266333777,927.136539365201,0.73925201089366,0.749131122295536,0.739181988204744,0.091212726494109,3.91215321168884
/home/ale/Desktop/Datos procesados/19/Segment 19 out/19out.nrrd,/home/ale/Desktop/Datos procesados/19/Segment 19 out/19LabelMapVolume_6out.nrrd,"{'normalize': False, 'normalizeScale': 1, 'interpolator': 'sitkBSpline', 'additionalInfo': True}",{'Original': {}},3D,"(256, 256, 1)",97.6977691650391,0,1061,2cd9c42d85165fe63b4737397b31a92f319aa4f1,306,3.15854931948823,345,279.349673202614,280,183,-0.325302777663764,854.965963945491,0.718540935598697,0.716792068571484,0.723305079397137,0.099761210248014,3.79144544888358
/home/ale/Desktop/Datos procesados/19/Segment 19 out/19out.nrrd,/home/ale/Desktop/Datos procesados/19/Segment 19 out/19LabelMapVolume_7out.nrrd,"{'normalize': False, 'normalizeScale': 1, 'interpolator': 'sitkBSpline', 'additionalInfo': True}",{'Original': {}},3D,"(256, 256, 1)",97.6977691650391,0,1061,e6fff457e016ddedec8cc77d773ca6f0801e0782,306,2.71570856178003,242,201.035947712418,202,158,-0.063381000129439,215.949688154129,0.429545886376591,0.461532646410537,0.806674900247007,0.226100141548169,2.55690986879192
/home/ale/Desktop/Datos procesados/19/Segment 19 out/19out.nrrd,/home/ale/Desktop/Datos procesados/19/Segment 19 out/19LabelMapVolume_8out.nrrd,"{'normalize': False, 'normalizeScale': 1, 'interpolator': 'sitkBSpline', 'additionalInfo': True}",{'Original': {}},3D,"(256, 256, 1)",97.6977691650391,0,1061,0898a786538291e3357236cf2bbcbb6d68fd3299,304,3.11134616517844,247,181.733552631579,186,93,-0.615412090342605,707.971768957756,0.889010883482714,0.612844137276924,0.683870697446712,0.097448487792662,3.81868221257377
/home/ale/Desktop/Datos procesados/19/Segment 19 out/19out.nrrd,/home/ale/Desktop/Datos procesados/19/Segment 19 out/19LabelMapVolume_all_out.nrrd,"{'normalize': False, 'normalizeScale': 1, 'interpolator': 'sitkBSpline', 'additionalInfo': True}",{'Original': {}},3D,"(256, 256, 1)",97.6977691650391,0,1061,81bfeda109c8ab753efba5f59693d4177b8e50e5,6732,4.18067507007791,416,188.359180035651,178,46,1.027357902453,3381.67817924447,0.728022869431552,0.932245509946971,0.73805256128418,0.057035699444279,4.83439499669543
