Image,Mask,diagnostics_Configuration_Settings,diagnostics_Configuration_EnabledImageTypes,diagnostics_Image-original_Dimensionality,diagnostics_Image-original_Size,diagnostics_Image-original_Mean,diagnostics_Image-original_Minimum,diagnostics_Image-original_Maximum,diagnostics_Mask-original_Hash,diagnostics_Mask-original_VoxelNum,original_firstorder_Kurtosis,original_firstorder_Maximum,original_firstorder_Mean,original_firstorder_Median,original_firstorder_Minimum,original_firstorder_Skewness,original_firstorder_Variance,original_glcm_Contrast,original_glcm_Correlation,original_glcm_Idm,original_glcm_JointEnergy,original_glcm_JointEntropy
/home/ale/Desktop/Datos procesados/4/Segment 4 out/4out.nrrd,/home/ale/Desktop/Datos procesados/4/Segment 4 out/4LabelMapVolume_1out.nrrd,"{'normalize': False, 'normalizeScale': 1, 'interpolator': 'sitkBSpline', 'additionalInfo': True}",{'Original': {}},3D,"(512, 512, 1)",146.050632476807,0,1158,fb86d65d605d6106f2a4eb28589489122cfaf431,993,4.80267843398068,245,71.5891238670695,69,19,0.880441519516815,1102.70328553652,0.643098459894952,0.817991731513243,0.765596810343473,0.09892471348328,3.86745632605671
/home/ale/Desktop/Datos procesados/4/Segment 4 out/4out.nrrd,/home/ale/Desktop/Datos procesados/4/Segment 4 out/4LabelMapVolume_2out.nrrd,"{'normalize': False, 'normalizeScale': 1, 'interpolator': 'sitkBSpline', 'additionalInfo': True}",{'Original': {}},3D,"(512, 512, 1)",146.050632476807,0,1158,fea04e5347b1c4434c51f683eeb207040d3c5c5d,992,2.7268870547239,270,200.335685483871,197,145,0.532090399747889,583.315742675273,0.283074062303107,0.854571057047402,0.858782457666338,0.177674714159223,3.02855596307723
/home/ale/Desktop/Datos procesados/4/Segment 4 out/4out.nrrd,/home/ale/Desktop/Datos procesados/4/Segment 4 out/4LabelMapVolume_3out.nrrd,"{'normalize': False, 'normalizeScale': 1, 'interpolator': 'sitkBSpline', 'additionalInfo': True}",{'Original': {}},3D,"(512, 512, 1)",146.050632476807,0,1158,778c647e7ab72697e3283ce495806287226aa845,990,3.33925992766697,264,197.590909090909,195,148,0.450914002485183,384.492240587695,0.328246978311483,0.749676076196323,0.843864653663486,0.210823803272724,2.84186330221717
/home/ale/Desktop/Datos procesados/4/Segment 4 out/4out.nrrd,/home/ale/Desktop/Datos procesados/4/Segment 4 out/4LabelMapVolume_4out.nrrd,"{'normalize': False, 'normalizeScale': 1, 'interpolator': 'sitkBSpline', 'additionalInfo': True}",{'Original': {}},3D,"(512, 512, 1)",146.050632476807,0,1158,f4c985b9324662927777cd87570038bb7beef77f,991,2.20177850514994,232,178.224016145308,180,121,-0.229278748630143,535.776254708115,0.300482853279212,0.838400223807713,0.851356017449851,0.158885787356144,3.04342463690428
/home/ale/Desktop/Datos procesados/4/Segment 4 out/4out.nrrd,/home/ale/Desktop/Datos procesados/4/Segment 4 out/4LabelMapVolume_5out.nrrd,"{'normalize': False, 'normalizeScale': 1, 'interpolator': 'sitkBSpline', 'additionalInfo': True}",{'Original': {}},3D,"(512, 512, 1)",146.050632476807,0,1158,9680b3e7598d9438ff9305cef8f45f0a3f7d4f82,990,2.36786795129977,134,68.9939393939394,66,19,0.332331381114979,572.795922865014,0.485268314072587,0.753751649967727,0.793368186063168,0.128774096696479,3.36138668409406
/home/ale/Desktop/Datos procesados/4/Segment 4 out/4out.nrrd,/home/ale/Desktop/Datos procesados/4/Segment 4 out/4LabelMapVolume_6out.nrrd,"{'normalize': False, 'normalizeScale': 1, 'interpolator': 'sitkBSpline', 'additionalInfo': True}",{'Original': {}},3D,"(512, 512, 1)",146.050632476807,0,1158,75a16f32a54348389b89fab8a59424f32299d7e4,988,3.48246208538436,406,269.15991902834,275,84,-0.493401947965598,2700.57968906227,1.51896633628634,0.824877736313249,0.617198164139232,0.03989599317954,5.22570993152427
/home/ale/Desktop/Datos procesados/4/Segment 4 out/4out.nrrd,/home/ale/Desktop/Datos procesados/4/Segment 4 out/4LabelMapVolume_7out.nrrd,"{'normalize': False, 'normalizeScale': 1, 'interpolator': 'sitkBSpline', 'additionalInfo': True}",{'Original': {}},3D,"(512, 512, 1)",146.050632476807,0,1158,e1e09ff4dd0bbbb32880b8bc55e3afd4670f306a,992,3.70009096537705,154,93.3135080645161,93,56,0.425924970989473,196.56401108058,0.280343960894977,0.629566858461503,0.861105634942356,0.297122878227393,2.30094770167883
/home/ale/Desktop/Datos procesados/4/Segment 4 out/4out.nrrd,/home/ale/Desktop/Datos procesados/4/Segment 4 out/4LabelMapVolume_8out.nrrd,"{'normalize': False, 'normalizeScale': 1, 'interpolator': 'sitkBSpline', 'additionalInfo': True}",{'Original': {}},3D,"(512, 512, 1)",146.050632476807,0,1158,a2940c219d290266f7423a7fcac86893264ac984,991,7.3177916643664,268,143.136226034309,142,83,1.39500287332431,688.139868300069,0.344593801643095,0.845144923172454,0.839493450089624,0.183224477233291,3.1330596061429
/home/ale/Desktop/Datos procesados/4/Segment 4 out/4out.nrrd,/home/ale/Desktop/Datos procesados/4/Segment 4 out/4LabelMapVolume_all_out.nrrd,"{'normalize': False, 'normalizeScale': 1, 'interpolator': 'sitkBSpline', 'additionalInfo': True}",{'Original': {}},3D,"(512, 512, 1)",146.050632476807,0,1158,cdf98ec13a6ba9ab94ac9150144f59a981136b74,30151,2.82468164060859,463,157.965705946735,151,17,0.532046925429193,6325.92466385689,0.735713606340558,0.963846848603291,0.774270929499153,0.039489020726368,5.2742446030304
