Image,Mask,diagnostics_Configuration_Settings,diagnostics_Configuration_EnabledImageTypes,diagnostics_Image-original_Dimensionality,diagnostics_Image-original_Size,diagnostics_Image-original_Mean,diagnostics_Image-original_Minimum,diagnostics_Image-original_Maximum,diagnostics_Mask-original_Hash,diagnostics_Mask-original_VoxelNum,original_firstorder_Kurtosis,original_firstorder_Maximum,original_firstorder_Mean,original_firstorder_Median,original_firstorder_Minimum,original_firstorder_Skewness,original_firstorder_Variance,original_glcm_Contrast,original_glcm_Correlation,original_glcm_Idm,original_glcm_JointEnergy,original_glcm_JointEntropy
/home/ale/Desktop/Datos procesados/6/Segment 6 in/6in.nrrd,/home/ale/Desktop/Datos procesados/6/Segment 6 in/6LabelMapVolume_1in.nrrd,"{'normalize': False, 'normalizeScale': 1, 'interpolator': 'sitkBSpline', 'additionalInfo': True}",{'Original': {}},3D,"(256, 256, 1)",192.731155395508,0,1690,8e286c6c5c53d6bdf1c941828993c47cf6d7c309,307,2.99766768317489,332,254.312703583062,252,166,-0.00799051830947,821.863128521258,1.16102782109976,0.566443952918479,0.642876262544058,0.075890748484778,4.10702358616161
/home/ale/Desktop/Datos procesados/6/Segment 6 in/6in.nrrd,/home/ale/Desktop/Datos procesados/6/Segment 6 in/6LabelMapVolume_2in.nrrd,"{'normalize': False, 'normalizeScale': 1, 'interpolator': 'sitkBSpline', 'additionalInfo': True}",{'Original': {}},3D,"(256, 256, 1)",192.731155395508,0,1690,d86172f730ba5b3523789e0871d1679cf8ff1782,307,3.04256328492104,301,248.641693811075,251,184,-0.357751660687718,421.845558043056,1.12123286434569,0.281909985870319,0.661266440175021,0.113626961251361,3.5869399687787
/home/ale/Desktop/Datos procesados/6/Segment 6 in/6in.nrrd,/home/ale/Desktop/Datos procesados/6/Segment 6 in/6LabelMapVolume_3in.nrrd,"{'normalize': False, 'normalizeScale': 1, 'interpolator': 'sitkBSpline', 'additionalInfo': True}",{'Original': {}},3D,"(256, 256, 1)",192.731155395508,0,1690,7db66f8fcd96321f8029d4ccfd72346c4e63d7a5,309,4.71488973541398,304,205.174757281553,207,103,-0.432294605245906,867.671725264712,1.83633432539683,0.383469410740816,0.588297712648816,0.077803307665659,4.27201371716386
/home/ale/Desktop/Datos procesados/6/Segment 6 in/6in.nrrd,/home/ale/Desktop/Datos procesados/6/Segment 6 in/6LabelMapVolume_4in.nrrd,"{'normalize': False, 'normalizeScale': 1, 'interpolator': 'sitkBSpline', 'additionalInfo': True}",{'Original': {}},3D,"(256, 256, 1)",192.731155395508,0,1690,cfa9e8cd225690eea857fb42e75767ae3b18c68e,306,2.99339049635458,384,272.986928104575,271.5,119,-0.351734299342464,1906.90832585758,1.18417863724723,0.804337055253636,0.66361572171723,0.055044452487383,4.64164103808866
/home/ale/Desktop/Datos procesados/6/Segment 6 in/6in.nrrd,/home/ale/Desktop/Datos procesados/6/Segment 6 in/6LabelMapVolume_5in.nrrd,"{'normalize': False, 'normalizeScale': 1, 'interpolator': 'sitkBSpline', 'additionalInfo': True}",{'Original': {}},3D,"(256, 256, 1)",192.731155395508,0,1690,573985a8454ab62f9009cf349c1907d74e7c62fc,305,2.97254942100644,335,272.331147540984,273,204,-0.143276570323175,644.300177371674,0.850562547673532,0.592168176862765,0.699329710144927,0.105297543384005,3.75550301851585
/home/ale/Desktop/Datos procesados/6/Segment 6 in/6in.nrrd,/home/ale/Desktop/Datos procesados/6/Segment 6 in/6LabelMapVolume_6in.nrrd,"{'normalize': False, 'normalizeScale': 1, 'interpolator': 'sitkBSpline', 'additionalInfo': True}",{'Original': {}},3D,"(256, 256, 1)",192.731155395508,0,1690,689aa0684277361f0c6092c71c46a17757e3584d,307,2.70031274535054,318,259.179153094463,258,173,-0.212321205245063,750.648685927702,0.992925240227399,0.613838574048613,0.669227698877508,0.080088125118343,4.01102739406667
/home/ale/Desktop/Datos procesados/6/Segment 6 in/6in.nrrd,/home/ale/Desktop/Datos procesados/6/Segment 6 in/6LabelMapVolume_7in.nrrd,"{'normalize': False, 'normalizeScale': 1, 'interpolator': 'sitkBSpline', 'additionalInfo': True}",{'Original': {}},3D,"(256, 256, 1)",192.731155395508,0,1690,788ee2e7981a2c9f2d1acce22a90048a0352503b,305,2.58554629690626,383,311.672131147541,316,225,-0.147491290376939,1028.44987906477,1.07542691311868,0.652464899139244,0.664040756345578,0.072379657730584,4.17907559093473
/home/ale/Desktop/Datos procesados/6/Segment 6 in/6in.nrrd,/home/ale/Desktop/Datos procesados/6/Segment 6 in/6LabelMapVolume_8in.nrrd,"{'normalize': False, 'normalizeScale': 1, 'interpolator': 'sitkBSpline', 'additionalInfo': True}",{'Original': {}},3D,"(256, 256, 1)",192.731155395508,0,1690,864975ebf97e94dd077a9a9deb9b9877db994e1d,308,4.10540726052511,278,199.681818181818,200,126,0.156718419481157,541.95720188902,1.01409651193286,0.452507741608214,0.666632010790154,0.114106529069028,3.67240488176829
/home/ale/Desktop/Datos procesados/6/Segment 6 in/6in.nrrd,/home/ale/Desktop/Datos procesados/6/Segment 6 in/6LabelMapVolume_all_in.nrrd,"{'normalize': False, 'normalizeScale': 1, 'interpolator': 'sitkBSpline', 'additionalInfo': True}",{'Original': {}},3D,"(256, 256, 1)",192.731155395508,0,1690,e6c4340d5c7b3fb60974b9e4ec228375d1710c16,8052,2.91678392213957,451,264.479259811227,255,64,0.515437210938858,3289.85215305371,1.06251830385499,0.898608584920052,0.668264158643963,0.038720947833886,5.18120387613708
