Image,Mask,diagnostics_Configuration_Settings,diagnostics_Configuration_EnabledImageTypes,diagnostics_Image-original_Dimensionality,diagnostics_Image-original_Size,diagnostics_Image-original_Mean,diagnostics_Image-original_Minimum,diagnostics_Image-original_Maximum,diagnostics_Mask-original_Hash,diagnostics_Mask-original_VoxelNum,original_firstorder_Kurtosis,original_firstorder_Maximum,original_firstorder_Mean,original_firstorder_Median,original_firstorder_Minimum,original_firstorder_Skewness,original_firstorder_Variance,original_glcm_Contrast,original_glcm_Correlation,original_glcm_Idm,original_glcm_JointEnergy,original_glcm_JointEntropy
/home/ale/Desktop/Datos procesados/16/Segment 16 in/16in.nrrd,/home/ale/Desktop/Datos procesados/16/Segment 16 in/16LabelMapVolume_1in.nrrd,"{'normalize': False, 'normalizeScale': 1, 'interpolator': 'sitkBSpline', 'additionalInfo': True}",{'Original': {}},3D,"(256, 256, 1)",141.587203979492,0,1487,901f2dca0452f8b6bc6d7b47241fbf613cf31f57,307,2.95538381104223,456,328.351791530945,323,239,0.636640494594966,1997.8632134028,1.54424083111133,0.751537265079338,0.616142912964506,0.050064858161666,4.87975307502568
/home/ale/Desktop/Datos procesados/16/Segment 16 in/16in.nrrd,/home/ale/Desktop/Datos procesados/16/Segment 16 in/16LabelMapVolume_2in.nrrd,"{'normalize': False, 'normalizeScale': 1, 'interpolator': 'sitkBSpline', 'additionalInfo': True}",{'Original': {}},3D,"(256, 256, 1)",141.587203979492,0,1487,2430d74259a87e9040a6502da35dbe0767f77c8a,309,2.75919884179624,578,423.174757281553,412,290,0.523889096131937,3245.4581330317,1.86448412698413,0.814557993345619,0.584271156660862,0.03671246471679,5.32918728717711
/home/ale/Desktop/Datos procesados/16/Segment 16 in/16in.nrrd,/home/ale/Desktop/Datos procesados/16/Segment 16 in/16LabelMapVolume_3in.nrrd,"{'normalize': False, 'normalizeScale': 1, 'interpolator': 'sitkBSpline', 'additionalInfo': True}",{'Original': {}},3D,"(256, 256, 1)",141.587203979492,0,1487,56b6bc04cf90397ae3ef3679480f2f6dda02dbd2,306,3.23583429918804,394,282.581699346405,281.5,220,0.42908693986663,974.668161818104,1.17453485143016,0.614229106852073,0.658351958086509,0.072822775130886,4.19202645429453
/home/ale/Desktop/Datos procesados/16/Segment 16 in/16in.nrrd,/home/ale/Desktop/Datos procesados/16/Segment 16 in/16LabelMapVolume_4in.nrrd,"{'normalize': False, 'normalizeScale': 1, 'interpolator': 'sitkBSpline', 'additionalInfo': True}",{'Original': {}},3D,"(256, 256, 1)",141.587203979492,0,1487,250f651ee849199f53ad37aac7f058ade261f877,306,2.83073965333396,243,194.40522875817,193,146,0.217827231360354,352.149515143748,0.548572366261897,0.562221754614963,0.765513367498927,0.161080779342836,3.09953944230588
/home/ale/Desktop/Datos procesados/16/Segment 16 in/16in.nrrd,/home/ale/Desktop/Datos procesados/16/Segment 16 in/16LabelMapVolume_5in.nrrd,"{'normalize': False, 'normalizeScale': 1, 'interpolator': 'sitkBSpline', 'additionalInfo': True}",{'Original': {}},3D,"(256, 256, 1)",141.587203979492,0,1487,d53e98fd7aee181c6def5442e5505195239a6ec0,307,2.99534609785239,339,254.153094462541,264,120,-0.759209636866444,2186.28600833961,1.34503860326373,0.815458271379195,0.648733806087392,0.053420214623682,4.81353620499335
/home/ale/Desktop/Datos procesados/16/Segment 16 in/16in.nrrd,/home/ale/Desktop/Datos procesados/16/Segment 16 in/16LabelMapVolume_6in.nrrd,"{'normalize': False, 'normalizeScale': 1, 'interpolator': 'sitkBSpline', 'additionalInfo': True}",{'Original': {}},3D,"(256, 256, 1)",141.587203979492,0,1487,87652924f04015420ecba7db24f9ab908bbc7112,307,3.27578377352002,259,201.934853420195,201,151,0.077825812359568,320.308459506202,0.814955727725512,0.347256697650561,0.695274060471902,0.136578575105642,3.27171868555861
/home/ale/Desktop/Datos procesados/16/Segment 16 in/16in.nrrd,/home/ale/Desktop/Datos procesados/16/Segment 16 in/16LabelMapVolume_7in.nrrd,"{'normalize': False, 'normalizeScale': 1, 'interpolator': 'sitkBSpline', 'additionalInfo': True}",{'Original': {}},3D,"(256, 256, 1)",141.587203979492,0,1487,35958366cbc2af63d7b67337add4d7587aa9b587,307,2.26480004188219,266,215.241042345277,214,166,0.132314133403496,503.225286209933,0.559031795542587,0.67941535929376,0.761189440056347,0.127891446207883,3.33372859474613
/home/ale/Desktop/Datos procesados/16/Segment 16 in/16in.nrrd,/home/ale/Desktop/Datos procesados/16/Segment 16 in/16LabelMapVolume_8in.nrrd,"{'normalize': False, 'normalizeScale': 1, 'interpolator': 'sitkBSpline', 'additionalInfo': True}",{'Original': {}},3D,"(256, 256, 1)",141.587203979492,0,1487,da3a476e3afb02ce7bee8d6612754d0234f3e8f5,308,3.72143682497167,267,214.967532467532,218,136,-0.66892597188794,605.252192612582,0.832497279825909,0.604889963689285,0.702950832755735,0.119475887989729,3.67541206592478
/home/ale/Desktop/Datos procesados/16/Segment 16 in/16in.nrrd,/home/ale/Desktop/Datos procesados/16/Segment 16 in/16LabelMapVolume_all_in.nrrd,"{'normalize': False, 'normalizeScale': 1, 'interpolator': 'sitkBSpline', 'additionalInfo': True}",{'Original': {}},3D,"(256, 256, 1)",141.587203979492,0,1487,71f7154c1934dc714a5fcfde406640b7e1ca6ddd,12782,4.61518979818081,719,275.764903770928,246,97,1.28971668844866,9637.62044561349,1.1708570387189,0.961404688129012,0.668182409364044,0.031191613915388,5.76628329606313
