Image,Mask,diagnostics_Configuration_Settings,diagnostics_Configuration_EnabledImageTypes,diagnostics_Image-original_Dimensionality,diagnostics_Image-original_Size,diagnostics_Image-original_Mean,diagnostics_Image-original_Minimum,diagnostics_Image-original_Maximum,diagnostics_Mask-original_Hash,diagnostics_Mask-original_VoxelNum,original_firstorder_Kurtosis,original_firstorder_Maximum,original_firstorder_Mean,original_firstorder_Median,original_firstorder_Minimum,original_firstorder_Skewness,original_firstorder_Variance,original_glcm_Contrast,original_glcm_Correlation,original_glcm_Idm,original_glcm_JointEnergy,original_glcm_JointEntropy
/home/ale/Desktop/Datos procesados/8/Segment 8 in/8in.nrrd,/home/ale/Desktop/Datos procesados/8/Segment 8 in/8LabelMapVolume_1.nrrd,"{'normalize': False, 'normalizeScale': 1, 'interpolator': 'sitkBSpline', 'additionalInfo': True}",{'Original': {}},3D,"(256, 256, 1)",111.737350463867,0,981,ef679a3591ca97dfbb9a4b6461fca21f4d62adc8,274,7.68559003608338,163,100.839416058394,100,76,1.50571983952107,133.455964622516,0.400781448157421,0.408648102410697,0.812908203075839,0.249440029820534,2.24966872583509
/home/ale/Desktop/Datos procesados/8/Segment 8 in/8in.nrrd,/home/ale/Desktop/Datos procesados/8/Segment 8 in/8LabelMapVolume_2.nrrd,"{'normalize': False, 'normalizeScale': 1, 'interpolator': 'sitkBSpline', 'additionalInfo': True}",{'Original': {}},3D,"(256, 256, 1)",111.737350463867,0,981,7989201c293d0d293e0262e08cb0a8eb89ab136b,274,2.99065085825895,117,86.6496350364963,86,62,0.381269807425862,102.373594757313,0.228612346146658,0.402946869042685,0.885693826926671,0.498841382028366,1.65212221357575
/home/ale/Desktop/Datos procesados/8/Segment 8 in/8in.nrrd,/home/ale/Desktop/Datos procesados/8/Segment 8 in/8LabelMapVolume_3.nrrd,"{'normalize': False, 'normalizeScale': 1, 'interpolator': 'sitkBSpline', 'additionalInfo': True}",{'Original': {}},3D,"(256, 256, 1)",111.737350463867,0,981,a05a697ad1cb82fb90fb23a08c859f8499f1f9ed,274,5.54407572165861,158,83.2591240875913,79,52,1.58806387159727,367.199278064894,0.544989620700842,0.607879220541858,0.784175694250412,0.20663138992395,2.77475324916847
/home/ale/Desktop/Datos procesados/8/Segment 8 in/8in.nrrd,/home/ale/Desktop/Datos procesados/8/Segment 8 in/8LabelMapVolume_4.nrrd,"{'normalize': False, 'normalizeScale': 1, 'interpolator': 'sitkBSpline', 'additionalInfo': True}",{'Original': {}},3D,"(256, 256, 1)",111.737350463867,0,981,209b4ee169efc546715aeee55b71ed9de0ab2d76,274,2.71934333263669,171,120.762773722628,118,77,0.349932297584388,236.786789386755,0.269873924685901,0.628110207904321,0.87955818458518,0.318300100717062,2.21646832529712
/home/ale/Desktop/Datos procesados/8/Segment 8 in/8in.nrrd,/home/ale/Desktop/Datos procesados/8/Segment 8 in/8LabelMapVolume_5.nrrd,"{'normalize': False, 'normalizeScale': 1, 'interpolator': 'sitkBSpline', 'additionalInfo': True}",{'Original': {}},3D,"(256, 256, 1)",111.737350463867,0,981,84816faff52504c4918db8c35550cd615a282325,274,2.69388618617907,230,184.547445255474,183,135,0.09202052490721,359.963077414886,0.370426123205188,0.700399372423921,0.823246704097425,0.18778478886972,2.88485202493458
/home/ale/Desktop/Datos procesados/8/Segment 8 in/8in.nrrd,/home/ale/Desktop/Datos procesados/8/Segment 8 in/8LabelMapVolume_6.nrrd,"{'normalize': False, 'normalizeScale': 1, 'interpolator': 'sitkBSpline', 'additionalInfo': True}",{'Original': {}},3D,"(256, 256, 1)",111.737350463867,0,981,46484c7566da616cd6a7fc76a62e0fc1de3c8e98,274,2.8804280058582,197,147.649635036496,145,112,0.588664570142475,236.431988917897,0.314031761885746,0.603961952546054,0.846637718346156,0.281872416894271,2.34663190214299
/home/ale/Desktop/Datos procesados/8/Segment 8 in/8in.nrrd,/home/ale/Desktop/Datos procesados/8/Segment 8 in/8LabelMapVolume_7.nrrd,"{'normalize': False, 'normalizeScale': 1, 'interpolator': 'sitkBSpline', 'additionalInfo': True}",{'Original': {}},3D,"(256, 256, 1)",111.737350463867,0,981,cdbcd8b7878229cfc6edacd099b813f3a17ebec7,275,4.07440794913678,130,66.6109090909091,63,34,1.01954979629802,292.710426446281,0.35462231580916,0.656911318698755,0.826322771832915,0.274318253659242,2.57336581132054
/home/ale/Desktop/Datos procesados/8/Segment 8 in/8in.nrrd,/home/ale/Desktop/Datos procesados/8/Segment 8 in/8LabelMapVolume_8.nrrd,"{'normalize': False, 'normalizeScale': 1, 'interpolator': 'sitkBSpline', 'additionalInfo': True}",{'Original': {}},3D,"(256, 256, 1)",111.737350463867,0,981,db762cc1184e9a5948b49bef5e5b545d79de5829,276,4.05656809982642,80,57.6304347826087,59,15,-0.759904641360527,108.225740390674,0.217650248682063,0.462618721372954,0.894766105497678,0.487481081557535,1.6387382337342
/home/ale/Desktop/Datos procesados/8/Segment 8 in/8in.nrrd,/home/ale/Desktop/Datos procesados/8/Segment 8 in/8LabelMapVolume_all_in.nrrd,"{'normalize': False, 'normalizeScale': 1, 'interpolator': 'sitkBSpline', 'additionalInfo': True}",{'Original': {}},3D,"(256, 256, 1)",111.737350463867,0,981,a9706c6dd08336f49efb965121ec2b618c4251f2,11595,4.00899342031466,287,100.134195774041,90,9,1.05666741879542,1788.67711870423,0.414064484285868,0.927947180280631,0.838061596031088,0.111787058613862,3.92137071424416
