Image,Mask,diagnostics_Configuration_Settings,diagnostics_Configuration_EnabledImageTypes,diagnostics_Image-original_Dimensionality,diagnostics_Image-original_Size,diagnostics_Image-original_Mean,diagnostics_Image-original_Minimum,diagnostics_Image-original_Maximum,diagnostics_Mask-original_Hash,diagnostics_Mask-original_VoxelNum,original_firstorder_Kurtosis,original_firstorder_Maximum,original_firstorder_Mean,original_firstorder_Median,original_firstorder_Minimum,original_firstorder_Skewness,original_firstorder_Variance,original_glcm_Contrast,original_glcm_Correlation,original_glcm_Idm,original_glcm_JointEnergy,original_glcm_JointEntropy
/home/ale/Desktop/Datos procesados/19/Segment 19 in/19in.nrrd,/home/ale/Desktop/Datos procesados/19/Segment 19 in/19LabelMapVolume_1in.nrrd,"{'normalize': False, 'normalizeScale': 1, 'interpolator': 'sitkBSpline', 'additionalInfo': True}",{'Original': {}},3D,"(256, 256, 1)",118.540222167969,0,1178,b4a093605bca3709746ccc55912bb8315726d651,307,3.06169413248344,206,164.14983713355,165,125,0.14549283822485,207.84074101582,0.511891183916978,0.376025396682663,0.768705349309403,0.225568232171373,2.65064338340336
/home/ale/Desktop/Datos procesados/19/Segment 19 in/19in.nrrd,/home/ale/Desktop/Datos procesados/19/Segment 19 in/19LabelMapVolume_2in.nrrd,"{'normalize': False, 'normalizeScale': 1, 'interpolator': 'sitkBSpline', 'additionalInfo': True}",{'Original': {}},3D,"(256, 256, 1)",118.540222167969,0,1178,dd7579525a220f60c8599a9e1658bb0af3eb3963,305,2.91501557672063,197,163.318032786885,163,130,0.155580379973908,132.63000268745,0.489511823035851,0.139012089079087,0.786525553012967,0.313557093108771,2.25623361000919
/home/ale/Desktop/Datos procesados/19/Segment 19 in/19in.nrrd,/home/ale/Desktop/Datos procesados/19/Segment 19 in/19LabelMapVolume_3in.nrrd,"{'normalize': False, 'normalizeScale': 1, 'interpolator': 'sitkBSpline', 'additionalInfo': True}",{'Original': {}},3D,"(256, 256, 1)",118.540222167969,0,1178,01726ec919e000e8cef5a3070abeddf3d5ad06d3,307,4.5550497898547,186,140.338762214984,144,68,-1.06745532820448,390.425956774077,0.74044750213815,0.486842038162011,0.733516753031141,0.168402072589839,3.21407817286224
/home/ale/Desktop/Datos procesados/19/Segment 19 in/19in.nrrd,/home/ale/Desktop/Datos procesados/19/Segment 19 in/19LabelMapVolume_4in.nrrd,"{'normalize': False, 'normalizeScale': 1, 'interpolator': 'sitkBSpline', 'additionalInfo': True}",{'Original': {}},3D,"(256, 256, 1)",118.540222167969,0,1178,8f2331b5476a8c8cb0e754f876f59507116d5716,306,2.47376607302283,192,138.28431372549,139,68,-0.292023346785409,665.314590542099,0.712450455681503,0.688717032605409,0.723135303324834,0.102133166104751,3.69204076600695
/home/ale/Desktop/Datos procesados/19/Segment 19 in/19in.nrrd,/home/ale/Desktop/Datos procesados/19/Segment 19 in/19LabelMapVolume_5in.nrrd,"{'normalize': False, 'normalizeScale': 1, 'interpolator': 'sitkBSpline', 'additionalInfo': True}",{'Original': {}},3D,"(256, 256, 1)",118.540222167969,0,1178,11e490389dcfed5548857c5c2740e11c9295cc4a,306,2.74488568820509,333,253.761437908497,252.5,157,-0.186559269862286,1093.41694433765,0.689445183355501,0.790289562118003,0.738638170683582,0.082246410392713,3.99110485063495
/home/ale/Desktop/Datos procesados/19/Segment 19 in/19in.nrrd,/home/ale/Desktop/Datos procesados/19/Segment 19 in/19LabelMapVolume_6in.nrrd,"{'normalize': False, 'normalizeScale': 1, 'interpolator': 'sitkBSpline', 'additionalInfo': True}",{'Original': {}},3D,"(256, 256, 1)",118.540222167969,0,1178,2cd9c42d85165fe63b4737397b31a92f319aa4f1,306,2.53198733642639,366,302.28431372549,301,219,-0.160727091447648,966.393021914649,0.633005983186489,0.793050521277376,0.741469541289036,0.090109913646364,3.87704966808325
/home/ale/Desktop/Datos procesados/19/Segment 19 in/19in.nrrd,/home/ale/Desktop/Datos procesados/19/Segment 19 in/19LabelMapVolume_7in.nrrd,"{'normalize': False, 'normalizeScale': 1, 'interpolator': 'sitkBSpline', 'additionalInfo': True}",{'Original': {}},3D,"(256, 256, 1)",118.540222167969,0,1178,e6fff457e016ddedec8cc77d773ca6f0801e0782,306,2.92699745841513,232,193.745098039216,193,156,0.114824331204469,154.405613225682,0.396456393691811,0.361898984348912,0.813593957818735,0.275311387460356,2.28912370831468
/home/ale/Desktop/Datos procesados/19/Segment 19 in/19in.nrrd,/home/ale/Desktop/Datos procesados/19/Segment 19 in/19LabelMapVolume_8in.nrrd,"{'normalize': False, 'normalizeScale': 1, 'interpolator': 'sitkBSpline', 'additionalInfo': True}",{'Original': {}},3D,"(256, 256, 1)",118.540222167969,0,1178,0898a786538291e3357236cf2bbcbb6d68fd3299,304,2.93947073745487,242,187.217105263158,188,128,-0.286082773109704,421.972602146814,0.775198463508323,0.450523087722591,0.709718309859155,0.130168578482887,3.34780570967013
/home/ale/Desktop/Datos procesados/19/Segment 19 in/19in.nrrd,/home/ale/Desktop/Datos procesados/19/Segment 19 in/19LabelMapVolume_all_in.nrrd,"{'normalize': False, 'normalizeScale': 1, 'interpolator': 'sitkBSpline', 'additionalInfo': True}",{'Original': {}},3D,"(256, 256, 1)",118.540222167969,0,1178,81bfeda109c8ab753efba5f59693d4177b8e50e5,6732,4.279130906496,440,192.390077243018,175,62,1.19938401116581,3965.54183855613,0.694392367713075,0.944963166854536,0.74161230533734,0.061905175040483,4.82131904162271
