Image,Mask,diagnostics_Configuration_Settings,diagnostics_Configuration_EnabledImageTypes,diagnostics_Image-original_Dimensionality,diagnostics_Image-original_Size,diagnostics_Image-original_Mean,diagnostics_Image-original_Minimum,diagnostics_Image-original_Maximum,diagnostics_Mask-original_Hash,diagnostics_Mask-original_VoxelNum,original_firstorder_Kurtosis,original_firstorder_Maximum,original_firstorder_Mean,original_firstorder_Median,original_firstorder_Minimum,original_firstorder_Skewness,original_firstorder_Variance,original_glcm_Contrast,original_glcm_Correlation,original_glcm_Idm,original_glcm_JointEnergy,original_glcm_JointEntropy
/home/ale/Desktop/Datos procesados/15/Segment 15 out/15out.nrrd,/home/ale/Desktop/Datos procesados/15/Segment 15 out/15LabelMapVolume_1out.nrrd,"{'normalize': False, 'normalizeScale': 1, 'interpolator': 'sitkBSpline', 'additionalInfo': True}",{'Original': {}},3D,"(256, 256, 1)",88.6414184570313,0,962,45a4bbe1a96c63794b054ec9a20ce5796e98c229,305,2.87699632742784,214,172.196721311475,172,125,-0.034853727817549,205.01048105348,0.372751555097173,0.524645446977876,0.826606463725143,0.2379130147785,2.48534171198096
/home/ale/Desktop/Datos procesados/15/Segment 15 out/15out.nrrd,/home/ale/Desktop/Datos procesados/15/Segment 15 out/15LabelMapVolume_2out.nrrd,"{'normalize': False, 'normalizeScale': 1, 'interpolator': 'sitkBSpline', 'additionalInfo': True}",{'Original': {}},3D,"(256, 256, 1)",88.6414184570313,0,962,e41bd478e9c18686036d2a95a84e4cc934ea953a,306,4.60270674551063,256,207.977124183007,207,119,-0.379219810668183,381.564836174121,0.423481537779467,0.661441555117945,0.800111786686934,0.173902587434623,2.93468530102196
/home/ale/Desktop/Datos procesados/15/Segment 15 out/15out.nrrd,/home/ale/Desktop/Datos procesados/15/Segment 15 out/15LabelMapVolume_3out.nrrd,"{'normalize': False, 'normalizeScale': 1, 'interpolator': 'sitkBSpline', 'additionalInfo': True}",{'Original': {}},3D,"(256, 256, 1)",88.6414184570313,0,962,531f486e5c8c4f464b51ff83ea949fd0b7331f2a,304,2.54996211651189,281,223.858552631579,221,182,0.421378043121544,444.864861063019,0.37516864760681,0.758001413466888,0.821081272084806,0.171753442456424,3.02325846746438
/home/ale/Desktop/Datos procesados/15/Segment 15 out/15out.nrrd,/home/ale/Desktop/Datos procesados/15/Segment 15 out/15LabelMapVolume_4out.nrrd,"{'normalize': False, 'normalizeScale': 1, 'interpolator': 'sitkBSpline', 'additionalInfo': True}",{'Original': {}},3D,"(256, 256, 1)",88.6414184570313,0,962,9bb33108ddf3d3992c0912081d73ab6b41c45b52,304,6.88026891094748,174,145.134868421053,147,86,-1.35791817320726,152.728521035319,0.420695628961692,0.412170796251002,0.799404957855065,0.251886683531039,2.33976368234098
/home/ale/Desktop/Datos procesados/15/Segment 15 out/15out.nrrd,/home/ale/Desktop/Datos procesados/15/Segment 15 out/15LabelMapVolume_5out.nrrd,"{'normalize': False, 'normalizeScale': 1, 'interpolator': 'sitkBSpline', 'additionalInfo': True}",{'Original': {}},3D,"(256, 256, 1)",88.6414184570313,0,962,d02f31b4e0d3ce593fd2ae285d721fd2606135d3,309,2.01569820188187,156,106.53074433657,107,45,-0.202864856271928,637.155203653083,0.505654761904762,0.779623882825634,0.797172619047619,0.144881429713089,3.3226095699053
/home/ale/Desktop/Datos procesados/15/Segment 15 out/15out.nrrd,/home/ale/Desktop/Datos procesados/15/Segment 15 out/15LabelMapVolume_6out.nrrd,"{'normalize': False, 'normalizeScale': 1, 'interpolator': 'sitkBSpline', 'additionalInfo': True}",{'Original': {}},3D,"(256, 256, 1)",88.6414184570313,0,962,fdedcb8c51743f8dea13ed228074fe3bd4398696,307,2.81688386690364,202,169.703583061889,170,140,-0.174548097776535,131.570117454827,0.357731297479499,0.416163270193791,0.823262438999849,0.282651244654423,2.2299326763961
/home/ale/Desktop/Datos procesados/15/Segment 15 out/15out.nrrd,/home/ale/Desktop/Datos procesados/15/Segment 15 out/15LabelMapVolume_7out.nrrd,"{'normalize': False, 'normalizeScale': 1, 'interpolator': 'sitkBSpline', 'additionalInfo': True}",{'Original': {}},3D,"(256, 256, 1)",88.6414184570313,0,962,0b0d52b0e37fa943e2d2823a6f7591dca183081c,308,2.50335432350411,244,209.133116883117,210,176,0.030160736918288,203.414098077247,0.378816829642951,0.513772256565093,0.815937956614589,0.235039351870382,2.46841593440662
/home/ale/Desktop/Datos procesados/15/Segment 15 out/15out.nrrd,/home/ale/Desktop/Datos procesados/15/Segment 15 out/15LabelMapVolume_8out.nrrd,"{'normalize': False, 'normalizeScale': 1, 'interpolator': 'sitkBSpline', 'additionalInfo': True}",{'Original': {}},3D,"(256, 256, 1)",88.6414184570313,0,962,56ed25dd5b9de41d5e99cefc2dda4c5dfc334e21,306,3.42823912261336,273,226.124183006536,226,151,-0.377248113519542,437.63817335213,0.419998099942998,0.743359078242051,0.808260497814934,0.149137219343215,3.15846757456594
/home/ale/Desktop/Datos procesados/15/Segment 15 out/15out.nrrd,/home/ale/Desktop/Datos procesados/15/Segment 15 out/15LabelMapVolume_all_out.nrrd,"{'normalize': False, 'normalizeScale': 1, 'interpolator': 'sitkBSpline', 'additionalInfo': True}",{'Original': {}},3D,"(256, 256, 1)",88.6414184570313,0,962,1b00dece27fd76af4e779f179bdb935e73e3748c,8385,2.77060768594688,313,178.528920691711,177,43,0.052736792879124,2259.56842417797,0.496555977273556,0.931636414533967,0.793278751489713,0.066172954964068,4.43689248089251
