Image,Mask,diagnostics_Configuration_Settings,diagnostics_Configuration_EnabledImageTypes,diagnostics_Image-original_Dimensionality,diagnostics_Image-original_Size,diagnostics_Image-original_Mean,diagnostics_Image-original_Minimum,diagnostics_Image-original_Maximum,diagnostics_Mask-original_Hash,diagnostics_Mask-original_VoxelNum,original_firstorder_Kurtosis,original_firstorder_Maximum,original_firstorder_Mean,original_firstorder_Median,original_firstorder_Minimum,original_firstorder_Skewness,original_firstorder_Variance,original_glcm_Contrast,original_glcm_Correlation,original_glcm_Idm,original_glcm_JointEnergy,original_glcm_JointEntropy
/home/ale/Desktop/Datos procesados/3/Segment 3 out/3out.nrrd,/home/ale/Desktop/Datos procesados/3/Segment 3 out/3LabelMapVolume_1out.nrrd,"{'normalize': False, 'normalizeScale': 1, 'interpolator': 'sitkBSpline', 'additionalInfo': True}",{'Original': {}},3D,"(512, 512, 1)",133.636974334717,0,1054,9856335cc7fccfd3800313565d569b3119a1b446,1371,4.26611307705967,227,182.563822027717,185,98,-0.968700443190337,427.2816670843,0.303778389261705,0.806138173758597,0.853825310768872,0.222671176375155,2.84453898883967
/home/ale/Desktop/Datos procesados/3/Segment 3 out/3out.nrrd,/home/ale/Desktop/Datos procesados/3/Segment 3 out/3LabelMapVolume_2out.nrrd,"{'normalize': False, 'normalizeScale': 1, 'interpolator': 'sitkBSpline', 'additionalInfo': True}",{'Original': {}},3D,"(512, 512, 1)",133.636974334717,0,1054,6695108295f9fb9da99c1049b626c61727d105ec,1372,3.93817756208956,327,263.774781341108,265,130,-0.515350129373826,756.518518538194,0.296082900303504,0.881193765128364,0.855155344661087,0.148841272141072,3.24967781123778
/home/ale/Desktop/Datos procesados/3/Segment 3 out/3out.nrrd,/home/ale/Desktop/Datos procesados/3/Segment 3 out/3LabelMapVolume_3out.nrrd,"{'normalize': False, 'normalizeScale': 1, 'interpolator': 'sitkBSpline', 'additionalInfo': True}",{'Original': {}},3D,"(512, 512, 1)",133.636974334717,0,1054,01929fa601972a3559587f8ce1290dffe89f19b9,1372,2.99705851685051,282,212.977405247813,219,127,-0.671195371548315,913.7042999728,0.344198611342653,0.888933026162097,0.835219626546093,0.131676327307502,3.46485698244081
/home/ale/Desktop/Datos procesados/3/Segment 3 out/3out.nrrd,/home/ale/Desktop/Datos procesados/3/Segment 3 out/3LabelMapVolume_4out.nrrd,"{'normalize': False, 'normalizeScale': 1, 'interpolator': 'sitkBSpline', 'additionalInfo': True}",{'Original': {}},3D,"(512, 512, 1)",133.636974334717,0,1054,ea1978f265924bd6535306e8f2071e36ce034091,1371,2.85447914478866,217,166.675419401896,166,130,0.139229171297227,211.095960345619,0.260681369606695,0.664108264371426,0.870801949139605,0.296086557838656,2.30559347980096
/home/ale/Desktop/Datos procesados/3/Segment 3 out/3out.nrrd,/home/ale/Desktop/Datos procesados/3/Segment 3 out/3LabelMapVolume_5out.nrrd,"{'normalize': False, 'normalizeScale': 1, 'interpolator': 'sitkBSpline', 'additionalInfo': True}",{'Original': {}},3D,"(512, 512, 1)",133.636974334717,0,1054,4faa810b6ba8c70ef68a33860beadb8d46365f1b,1370,3.81648436736634,254,185.105839416058,189,89,-0.777430003292601,783.884418455965,0.354587578024968,0.866913684343195,0.829806450888514,0.151486927608952,3.36913793134436
/home/ale/Desktop/Datos procesados/3/Segment 3 out/3out.nrrd,/home/ale/Desktop/Datos procesados/3/Segment 3 out/3LabelMapVolume_6out.nrrd,"{'normalize': False, 'normalizeScale': 1, 'interpolator': 'sitkBSpline', 'additionalInfo': True}",{'Original': {}},3D,"(512, 512, 1)",133.636974334717,0,1054,c0ec92e759ecddc5534304d940ea98cbb5179eda,1373,2.46976950252597,220,163.165331391114,163,96,-0.154255047406629,614.280750017638,0.35457571202518,0.834549479086962,0.82888443505466,0.136736571471911,3.29611496028789
/home/ale/Desktop/Datos procesados/3/Segment 3 out/3out.nrrd,/home/ale/Desktop/Datos procesados/3/Segment 3 out/3LabelMapVolume_7out.nrrd,"{'normalize': False, 'normalizeScale': 1, 'interpolator': 'sitkBSpline', 'additionalInfo': True}",{'Original': {}},3D,"(512, 512, 1)",133.636974334717,0,1054,dd1eaa4ee38e9d2aaf770ed12304a4e7d814b9f8,1372,3.6112679820973,282,207.278425655977,205,153,0.589575101479909,470.407901894619,0.356707334395048,0.791161665896752,0.828042176546553,0.171219462594584,3.08686096149005
/home/ale/Desktop/Datos procesados/3/Segment 3 out/3out.nrrd,/home/ale/Desktop/Datos procesados/3/Segment 3 out/3LabelMapVolume_8out.nrrd,"{'normalize': False, 'normalizeScale': 1, 'interpolator': 'sitkBSpline', 'additionalInfo': True}",{'Original': {}},3D,"(512, 512, 1)",133.636974334717,0,1054,65fb5fbd824414ece2b5942392c80c6e9752ecd5,1370,3.23287368387856,270,209.923357664234,211.5,116,-0.254770405886316,568.498505514412,0.370939341198394,0.816096935205964,0.825057970977882,0.145418957953248,3.27771659417695
/home/ale/Desktop/Datos procesados/3/Segment 3 out/3out.nrrd,/home/ale/Desktop/Datos procesados/3/Segment 3 out/3LabelMapVolume_all_out.nrrd,"{'normalize': False, 'normalizeScale': 1, 'interpolator': 'sitkBSpline', 'additionalInfo': True}",{'Original': {}},3D,"(512, 512, 1)",133.636974334717,0,1054,37b9620c23c6e39b4b22ebb1c0461cddd035cab7,27882,2.79888643757353,333,200.548418334409,197,46,0.290518988977918,1616.5040935101,0.333272935380567,0.936599506734035,0.83979489437804,0.092494382478058,3.93442065536911
