Image,Mask,diagnostics_Configuration_Settings,diagnostics_Configuration_EnabledImageTypes,diagnostics_Image-original_Dimensionality,diagnostics_Image-original_Size,diagnostics_Image-original_Mean,diagnostics_Image-original_Minimum,diagnostics_Image-original_Maximum,diagnostics_Mask-original_Hash,diagnostics_Mask-original_VoxelNum,original_firstorder_Kurtosis,original_firstorder_Maximum,original_firstorder_Mean,original_firstorder_Median,original_firstorder_Minimum,original_firstorder_Skewness,original_firstorder_Variance,original_glcm_Contrast,original_glcm_Correlation,original_glcm_Idm,original_glcm_JointEnergy,original_glcm_JointEntropy
/home/ale/Desktop/Datos procesados/17/Segment 17 in/17in.nrrd,/home/ale/Desktop/Datos procesados/17/Segment 17 in/17LabelMapVolume_1in.nrrd,"{'normalize': False, 'normalizeScale': 1, 'interpolator': 'sitkBSpline', 'additionalInfo': True}",{'Original': {}},3D,"(512, 512, 1)",173.969367980957,0,1383,4e4ac5247ea7977e1507ed5b0e22dda154babe3d,1224,4.08974761794958,365,297.072712418301,298,197,-0.5177537181365,640.230824015336,0.461351931009273,0.784107878511892,0.792675202788071,0.13542312248723,3.42845165289655
/home/ale/Desktop/Datos procesados/17/Segment 17 in/17in.nrrd,/home/ale/Desktop/Datos procesados/17/Segment 17 in/17LabelMapVolume_2in.nrrd,"{'normalize': False, 'normalizeScale': 1, 'interpolator': 'sitkBSpline', 'additionalInfo': True}",{'Original': {}},3D,"(512, 512, 1)",173.969367980957,0,1383,fc2e6783ecffb5cb3c4316e77b129e11ee812811,1224,3.23037796739343,252,109.710784313725,104,27,0.60556864838872,1472.46373990773,0.678582188692786,0.858166542353897,0.739678115928435,0.074382869731797,4.2688044415635
/home/ale/Desktop/Datos procesados/17/Segment 17 in/17in.nrrd,/home/ale/Desktop/Datos procesados/17/Segment 17 in/17LabelMapVolume_3in.nrrd,"{'normalize': False, 'normalizeScale': 1, 'interpolator': 'sitkBSpline', 'additionalInfo': True}",{'Original': {}},3D,"(512, 512, 1)",173.969367980957,0,1383,664b9cd10bed4d68100776b1e4082f03e1e6ce97,1223,2.80907862221132,344,249.200327064595,249,134,0.032225601415798,1129.68431714569,0.808746286315791,0.789298373018184,0.711254576947233,0.070777206534116,4.27801086563624
/home/ale/Desktop/Datos procesados/17/Segment 17 in/17in.nrrd,/home/ale/Desktop/Datos procesados/17/Segment 17 in/17LabelMapVolume_4in.nrrd,"{'normalize': False, 'normalizeScale': 1, 'interpolator': 'sitkBSpline', 'additionalInfo': True}",{'Original': {}},3D,"(512, 512, 1)",173.969367980957,0,1383,75ca2a7751faae91a117eadb1d98b78b1384dc1a,1222,3.49866018151756,480,314.418985270049,315,88,-0.210494358096808,3691.20252008325,1.62369573045545,0.86231818031601,0.606393628356403,0.0305429165247,5.55370362702301
/home/ale/Desktop/Datos procesados/17/Segment 17 in/17in.nrrd,/home/ale/Desktop/Datos procesados/17/Segment 17 in/17LabelMapVolume_5in.nrrd,"{'normalize': False, 'normalizeScale': 1, 'interpolator': 'sitkBSpline', 'additionalInfo': True}",{'Original': {}},3D,"(512, 512, 1)",173.969367980957,0,1383,72ec883cf3470b795b4c953cde6586a30be21aac,1223,5.99580386123771,387,98.9877350776778,70,23,1.87015155195958,5594.69567949809,1.31694665459397,0.922455541194653,0.665799664479506,0.074731718197176,4.75217511665671
/home/ale/Desktop/Datos procesados/17/Segment 17 in/17in.nrrd,/home/ale/Desktop/Datos procesados/17/Segment 17 in/17LabelMapVolume_6in.nrrd,"{'normalize': False, 'normalizeScale': 1, 'interpolator': 'sitkBSpline', 'additionalInfo': True}",{'Original': {}},3D,"(512, 512, 1)",173.969367980957,0,1383,8a733f0b5fe8e32fe8b7c142ed3b1a95e4f5b123,1224,2.53585408976997,508,423.218137254902,425,348,-0.221894309201259,987.164017445213,0.39561887511111,0.873381928552693,0.815815122104,0.107744052886892,3.62655304219164
/home/ale/Desktop/Datos procesados/17/Segment 17 in/17in.nrrd,/home/ale/Desktop/Datos procesados/17/Segment 17 in/17LabelMapVolume_7in.nrrd,"{'normalize': False, 'normalizeScale': 1, 'interpolator': 'sitkBSpline', 'additionalInfo': True}",{'Original': {}},3D,"(512, 512, 1)",173.969367980957,0,1383,0865f635624bba6e2be4a995f575f2398320188c,1223,5.80519216249874,319,265.838103025347,271,165,-1.41295326478171,671.336013408846,0.416783057051657,0.812187963344401,0.810624987269802,0.166403287631119,3.20299017053339
/home/ale/Desktop/Datos procesados/17/Segment 17 in/17in.nrrd,/home/ale/Desktop/Datos procesados/17/Segment 17 in/17LabelMapVolume_8in.nrrd,"{'normalize': False, 'normalizeScale': 1, 'interpolator': 'sitkBSpline', 'additionalInfo': True}",{'Original': {}},3D,"(512, 512, 1)",173.969367980957,0,1383,d37796e6bd4a9398a66be4fbd4d263948958e882,1223,3.28536882114909,406,338.82829108749,339,204,-0.320501551333965,899.628733547321,0.390451970891495,0.863080494402712,0.814795355997027,0.115019413837025,3.55391222018423
/home/ale/Desktop/Datos procesados/17/Segment 17 in/17in.nrrd,/home/ale/Desktop/Datos procesados/17/Segment 17 in/17LabelMapVolume_all_in.nrrd,"{'normalize': False, 'normalizeScale': 1, 'interpolator': 'sitkBSpline', 'additionalInfo': True}",{'Original': {}},3D,"(512, 512, 1)",173.969367980957,0,1383,193e4cb55a425d004f706367c89a573fcb1776cb,47027,3.1123987967255,667,294.06302762243,293,22,-0.078867218791974,12428.8452843287,0.927799337532472,0.97654966783195,0.735946534873905,0.028414502099155,5.88535227969925
