Image,Mask,diagnostics_Configuration_Settings,diagnostics_Configuration_EnabledImageTypes,diagnostics_Image-original_Dimensionality,diagnostics_Image-original_Size,diagnostics_Image-original_Mean,diagnostics_Image-original_Minimum,diagnostics_Image-original_Maximum,diagnostics_Mask-original_Hash,diagnostics_Mask-original_VoxelNum,original_firstorder_Kurtosis,original_firstorder_Maximum,original_firstorder_Mean,original_firstorder_Median,original_firstorder_Minimum,original_firstorder_Skewness,original_firstorder_Variance,original_glcm_Contrast,original_glcm_Correlation,original_glcm_Idm,original_glcm_JointEnergy,original_glcm_JointEntropy
/home/ale/Desktop/Datos procesados/12/Segment 12 out/12out.nrrd,/home/ale/Desktop/Datos procesados/12/Segment 12 out/12LabelMapVolume_1out.nrrd,"{'normalize': False, 'normalizeScale': 1, 'interpolator': 'sitkBSpline', 'additionalInfo': True}",{'Original': {}},3D,"(512, 512, 1)",180.389335632324,0,1733,4fac951a0488442f3aac60cd68f3b98e9514dd0a,992,3.34592482656343,238,172.658266129032,174,121,-0.150318475828805,284.424548606595,0.273862692292681,0.733256006023257,0.863388142671551,0.237376470562047,2.54280199330466
/home/ale/Desktop/Datos procesados/12/Segment 12 out/12out.nrrd,/home/ale/Desktop/Datos procesados/12/Segment 12 out/12LabelMapVolume_2out.nrrd,"{'normalize': False, 'normalizeScale': 1, 'interpolator': 'sitkBSpline', 'additionalInfo': True}",{'Original': {}},3D,"(512, 512, 1)",180.389335632324,0,1733,e6c09e5ab68087d28f72145e4eaf5974d560f49e,990,3.63217105164203,218,145.60404040404,145,95,0.35263109015414,327.913923069075,0.306155434268543,0.735443180011355,0.850116567067784,0.224446897170827,2.71874069677064
/home/ale/Desktop/Datos procesados/12/Segment 12 out/12out.nrrd,/home/ale/Desktop/Datos procesados/12/Segment 12 out/12LabelMapVolume_3out.nrrd,"{'normalize': False, 'normalizeScale': 1, 'interpolator': 'sitkBSpline', 'additionalInfo': True}",{'Original': {}},3D,"(512, 512, 1)",180.389335632324,0,1733,288b2acd03a198a5989cd009f1198db82a0b9da8,993,3.44921492213592,253,209.930513595166,210,158,0.024914066389973,189.32548382484,0.242389287347609,0.6594083295919,0.88135251752703,0.34405643229078,2.19940645034569
/home/ale/Desktop/Datos procesados/12/Segment 12 out/12out.nrrd,/home/ale/Desktop/Datos procesados/12/Segment 12 out/12LabelMapVolume_4out.nrrd,"{'normalize': False, 'normalizeScale': 1, 'interpolator': 'sitkBSpline', 'additionalInfo': True}",{'Original': {}},3D,"(512, 512, 1)",180.389335632324,0,1733,c2e2358c20ec2afe87bda46206639e7c09fd7ab2,992,2.68251525760723,305,241.421370967742,242,192,0.207262760967612,322.788172313996,0.366666387880613,0.711702687820628,0.82463261573803,0.177062986538407,2.87376763643465
/home/ale/Desktop/Datos procesados/12/Segment 12 out/12out.nrrd,/home/ale/Desktop/Datos procesados/12/Segment 12 out/12LabelMapVolume_5out.nrrd,"{'normalize': False, 'normalizeScale': 1, 'interpolator': 'sitkBSpline', 'additionalInfo': True}",{'Original': {}},3D,"(512, 512, 1)",180.389335632324,0,1733,5015589979a63ed313f6d38cec6c878a496c762f,990,3.83120798422104,216,180.245454545455,182,115,-0.767556345416379,247.508438934803,0.299238422757868,0.661959766744752,0.85325925343983,0.286900444663115,2.44147634468746
/home/ale/Desktop/Datos procesados/12/Segment 12 out/12out.nrrd,/home/ale/Desktop/Datos procesados/12/Segment 12 out/12LabelMapVolume_6out.nrrd,"{'normalize': False, 'normalizeScale': 1, 'interpolator': 'sitkBSpline', 'additionalInfo': True}",{'Original': {}},3D,"(512, 512, 1)",180.389335632324,0,1733,215a55cf9beb2196dc68e9a29a8b84bfcc59d23a,991,3.07240263759633,248,211.109989909183,212,170,-0.376378814126215,186.975793239051,0.311840879618294,0.598937261006055,0.846635470733984,0.28909156590845,2.3876243588909
/home/ale/Desktop/Datos procesados/12/Segment 12 out/12out.nrrd,/home/ale/Desktop/Datos procesados/12/Segment 12 out/12LabelMapVolume_7out.nrrd,"{'normalize': False, 'normalizeScale': 1, 'interpolator': 'sitkBSpline', 'additionalInfo': True}",{'Original': {}},3D,"(512, 512, 1)",180.389335632324,0,1733,2fee57b691a7b3ce6f56ca81378820eb8bccda92,991,2.40876002102651,264,216.03229061554,213,179,0.457479386774563,329.228018870134,0.267513146061534,0.778212013200322,0.866243426969233,0.223332271075595,2.6410621807001
/home/ale/Desktop/Datos procesados/12/Segment 12 out/12out.nrrd,/home/ale/Desktop/Datos procesados/12/Segment 12 out/12LabelMapVolume_8out.nrrd,"{'normalize': False, 'normalizeScale': 1, 'interpolator': 'sitkBSpline', 'additionalInfo': True}",{'Original': {}},3D,"(512, 512, 1)",180.389335632324,0,1733,b52ac61752ffa5016b3e8335f509929969e70466,991,2.61093051139949,305,238.411705348133,236,188,0.289743274443153,387.360266617519,0.304242426780581,0.775108858954363,0.849477593124829,0.188685454790185,2.83370313991405
/home/ale/Desktop/Datos procesados/12/Segment 12 out/12out.nrrd,/home/ale/Desktop/Datos procesados/12/Segment 12 out/12LabelMapVolume_all_out.nrrd,"{'normalize': False, 'normalizeScale': 1, 'interpolator': 'sitkBSpline', 'additionalInfo': True}",{'Original': {}},3D,"(512, 512, 1)",180.389335632324,0,1733,f0ca588b0a0af568679c3d36afbaa19983a098ab,25484,3.41129761067151,373,207.938588918537,205,65,0.25277428411747,1818.11689262508,0.335819820869681,0.943495665561156,0.842052244899114,0.094245170927692,4.03496928485573
