Image,Mask,diagnostics_Configuration_Settings,diagnostics_Configuration_EnabledImageTypes,diagnostics_Image-original_Dimensionality,diagnostics_Image-original_Size,diagnostics_Image-original_Mean,diagnostics_Image-original_Minimum,diagnostics_Image-original_Maximum,diagnostics_Mask-original_Hash,diagnostics_Mask-original_VoxelNum,original_firstorder_Kurtosis,original_firstorder_Maximum,original_firstorder_Mean,original_firstorder_Median,original_firstorder_Minimum,original_firstorder_Skewness,original_firstorder_Variance,original_glcm_Contrast,original_glcm_Correlation,original_glcm_Idm,original_glcm_JointEnergy,original_glcm_JointEntropy
/home/ale/Desktop/Datos procesados/6/Segment 6 out/6out.nrrd,/home/ale/Desktop/Datos procesados/6/Segment 6 out/6LabelMapVolume_1out.nrrd,"{'normalize': False, 'normalizeScale': 1, 'interpolator': 'sitkBSpline', 'additionalInfo': True}",{'Original': {}},3D,"(256, 256, 1)",160.777648925781,0,1493,8e286c6c5c53d6bdf1c941828993c47cf6d7c309,307,2.51685821809956,285,223.765472312704,224,163,-0.059038139940974,569.332618913728,1.05591890124264,0.480106970326139,0.667741610907079,0.090376817041194,3.85505694690032
/home/ale/Desktop/Datos procesados/6/Segment 6 out/6out.nrrd,/home/ale/Desktop/Datos procesados/6/Segment 6 out/6LabelMapVolume_2out.nrrd,"{'normalize': False, 'normalizeScale': 1, 'interpolator': 'sitkBSpline', 'additionalInfo': True}",{'Original': {}},3D,"(256, 256, 1)",160.777648925781,0,1493,d86172f730ba5b3523789e0871d1679cf8ff1782,307,2.89712743089121,267,212.57003257329,214,151,-0.243953917361562,390.41447654617,0.972141628331311,0.316245592509809,0.67599266966016,0.122307574157575,3.47752925152661
/home/ale/Desktop/Datos procesados/6/Segment 6 out/6out.nrrd,/home/ale/Desktop/Datos procesados/6/Segment 6 out/6LabelMapVolume_3out.nrrd,"{'normalize': False, 'normalizeScale': 1, 'interpolator': 'sitkBSpline', 'additionalInfo': True}",{'Original': {}},3D,"(256, 256, 1)",160.777648925781,0,1493,7db66f8fcd96321f8029d4ccfd72346c4e63d7a5,309,4.16103080237764,323,183.818770226537,182,88,0.43689679990155,1160.32961531614,2.20282738095238,0.436149323977003,0.584270477369742,0.073417773142243,4.60119798408493
/home/ale/Desktop/Datos procesados/6/Segment 6 out/6out.nrrd,/home/ale/Desktop/Datos procesados/6/Segment 6 out/6LabelMapVolume_4out.nrrd,"{'normalize': False, 'normalizeScale': 1, 'interpolator': 'sitkBSpline', 'additionalInfo': True}",{'Original': {}},3D,"(256, 256, 1)",160.777648925781,0,1493,cfa9e8cd225690eea857fb42e75767ae3b18c68e,306,3.08814192033527,301,234.908496732026,236,126,-0.412488009306401,1001.77594087744,0.839047234354094,0.747175872912582,0.704881219863169,0.078400027084291,4.08956354504266
/home/ale/Desktop/Datos procesados/6/Segment 6 out/6out.nrrd,/home/ale/Desktop/Datos procesados/6/Segment 6 out/6LabelMapVolume_5out.nrrd,"{'normalize': False, 'normalizeScale': 1, 'interpolator': 'sitkBSpline', 'additionalInfo': True}",{'Original': {}},3D,"(256, 256, 1)",160.777648925781,0,1493,573985a8454ab62f9009cf349c1907d74e7c62fc,305,2.78874382425619,287,231.314754098361,230,160,0.064914663241461,538.248470841172,0.65757055682685,0.628909444423374,0.735882913806255,0.119683100471222,3.50659938913559
/home/ale/Desktop/Datos procesados/6/Segment 6 out/6out.nrrd,/home/ale/Desktop/Datos procesados/6/Segment 6 out/6LabelMapVolume_6out.nrrd,"{'normalize': False, 'normalizeScale': 1, 'interpolator': 'sitkBSpline', 'additionalInfo': True}",{'Original': {}},3D,"(256, 256, 1)",160.777648925781,0,1493,689aa0684277361f0c6092c71c46a17757e3584d,307,2.51591561638134,302,231.517915309446,229,171,0.266430320997943,737.819711614977,0.868981737686774,0.647426421952385,0.690681440861297,0.086620137200553,3.89992980933514
/home/ale/Desktop/Datos procesados/6/Segment 6 out/6out.nrrd,/home/ale/Desktop/Datos procesados/6/Segment 6 out/6LabelMapVolume_7out.nrrd,"{'normalize': False, 'normalizeScale': 1, 'interpolator': 'sitkBSpline', 'additionalInfo': True}",{'Original': {}},3D,"(256, 256, 1)",160.777648925781,0,1493,788ee2e7981a2c9f2d1acce22a90048a0352503b,305,2.31921663984859,363,276.986885245902,278,191,0.05024715621461,1419.58015587208,1.01598527089309,0.778852071051404,0.668220975469183,0.056529738308414,4.50683074308004
/home/ale/Desktop/Datos procesados/6/Segment 6 out/6out.nrrd,/home/ale/Desktop/Datos procesados/6/Segment 6 out/6LabelMapVolume_8out.nrrd,"{'normalize': False, 'normalizeScale': 1, 'interpolator': 'sitkBSpline', 'additionalInfo': True}",{'Original': {}},3D,"(256, 256, 1)",160.777648925781,0,1493,864975ebf97e94dd077a9a9deb9b9877db994e1d,308,3.91283432665017,260,178.224025974026,177,119,0.420278473003734,452.050461713611,0.943535898492626,0.39884628501124,0.680423690588221,0.12473520811411,3.4970975549698
/home/ale/Desktop/Datos procesados/6/Segment 6 out/6out.nrrd,/home/ale/Desktop/Datos procesados/6/Segment 6 out/6LabelMapVolume_all_out.nrrd,"{'normalize': False, 'normalizeScale': 1, 'interpolator': 'sitkBSpline', 'additionalInfo': True}",{'Original': {}},3D,"(256, 256, 1)",160.777648925781,0,1493,e6c4340d5c7b3fb60974b9e4ec228375d1710c16,8052,3.54544721118292,445,232.771857923497,222,78,0.811978948368324,2635.85319212686,0.981759251608074,0.881937997524372,0.684834273519942,0.048567652495675,4.89434855690844
