Image,Mask,diagnostics_Configuration_Settings,diagnostics_Configuration_EnabledImageTypes,diagnostics_Image-original_Dimensionality,diagnostics_Image-original_Size,diagnostics_Image-original_Mean,diagnostics_Image-original_Minimum,diagnostics_Image-original_Maximum,diagnostics_Mask-original_Hash,diagnostics_Mask-original_VoxelNum,original_firstorder_Kurtosis,original_firstorder_Maximum,original_firstorder_Mean,original_firstorder_Median,original_firstorder_Minimum,original_firstorder_Skewness,original_firstorder_Variance,original_glcm_Contrast,original_glcm_Correlation,original_glcm_Idm,original_glcm_JointEnergy,original_glcm_JointEntropy
/home/ale/Desktop/Datos procesados/7/Segment 7 in/7in.nrrd,/home/ale/Desktop/Datos procesados/7/Segment 7 in/7LabelMapVolume_1in.nrrd,"{'normalize': False, 'normalizeScale': 1, 'interpolator': 'sitkBSpline', 'additionalInfo': True}",{'Original': {}},3D,"(512, 512, 1)",131.087741851807,0,937,8ba4cfd9ac87b210f876b61855e02d11adb942fa,2024,4.26955132421492,315,210.087450592885,209,146,0.596455353710148,456.720119192223,0.469627389259574,0.710105580265291,0.788993955292925,0.155433389139868,3.21087662052976
/home/ale/Desktop/Datos procesados/7/Segment 7 in/7in.nrrd,/home/ale/Desktop/Datos procesados/7/Segment 7 in/7LabelMapVolume_2in.nrrd,"{'normalize': False, 'normalizeScale': 1, 'interpolator': 'sitkBSpline', 'additionalInfo': True}",{'Original': {}},3D,"(512, 512, 1)",131.087741851807,0,937,2cb9fb0a351b7866e9fe4d12c5edff6816d56291,2022,2.86720911235316,354,260.59940652819,259.5,181,0.139300264249539,829.291552565694,0.562075876653095,0.800676154019308,0.761690453440761,0.097693354844201,3.81101447841591
/home/ale/Desktop/Datos procesados/7/Segment 7 in/7in.nrrd,/home/ale/Desktop/Datos procesados/7/Segment 7 in/7LabelMapVolume_3in.nrrd,"{'normalize': False, 'normalizeScale': 1, 'interpolator': 'sitkBSpline', 'additionalInfo': True}",{'Original': {}},3D,"(512, 512, 1)",131.087741851807,0,937,12a8c16c7065b983924285ef7ec220464bb23491,2023,23.4111410389438,544,243.688581314879,240,168,3.33665755602041,1205.6291676858,0.864213816838262,0.785732080501153,0.740247805094361,0.125388229386579,3.72842801426788
/home/ale/Desktop/Datos procesados/7/Segment 7 in/7in.nrrd,/home/ale/Desktop/Datos procesados/7/Segment 7 in/7LabelMapVolume_4in.nrrd,"{'normalize': False, 'normalizeScale': 1, 'interpolator': 'sitkBSpline', 'additionalInfo': True}",{'Original': {}},3D,"(512, 512, 1)",131.087741851807,0,937,d8ea5a446911e2d6ac15038f0b39c5f05e85ac40,2021,8.75053348908489,683,289.431964374072,271,108,2.01067918444262,6016.32157105465,1.64985346217799,0.916750932108076,0.649946462290888,0.050877060624775,5.36873123934024
/home/ale/Desktop/Datos procesados/7/Segment 7 in/7in.nrrd,/home/ale/Desktop/Datos procesados/7/Segment 7 in/7LabelMapVolume_5in.nrrd,"{'normalize': False, 'normalizeScale': 1, 'interpolator': 'sitkBSpline', 'additionalInfo': True}",{'Original': {}},3D,"(512, 512, 1)",131.087741851807,0,937,d74bc8336e3b1ac2e4528cee54df44757891838a,2024,2.99430955838317,448,272.013833992095,267,188,0.530782637642183,1598.61245684201,0.661542598566854,0.87143889288053,0.739395503658877,0.068302543010212,4.32525692205069
/home/ale/Desktop/Datos procesados/7/Segment 7 in/7in.nrrd,/home/ale/Desktop/Datos procesados/7/Segment 7 in/7LabelMapVolume_6in.nrrd,"{'normalize': False, 'normalizeScale': 1, 'interpolator': 'sitkBSpline', 'additionalInfo': True}",{'Original': {}},3D,"(512, 512, 1)",131.087741851807,0,937,f1a79cfc8c269fb04e7dc801543448da544de8e8,2022,4.78798573938084,603,370.787339268051,368,264,0.674513852704755,1811.09819776719,0.846787376418334,0.857180747662991,0.720441591326615,0.063649682244264,4.53177839597774
/home/ale/Desktop/Datos procesados/7/Segment 7 in/7in.nrrd,/home/ale/Desktop/Datos procesados/7/Segment 7 in/7LabelMapVolume_7in.nrrd,"{'normalize': False, 'normalizeScale': 1, 'interpolator': 'sitkBSpline', 'additionalInfo': True}",{'Original': {}},3D,"(512, 512, 1)",131.087741851807,0,937,f3e8b067d992c8e5c6dd1d9acf779bef47949cd3,2021,5.80077718780469,477,249.381494309748,251,85,0.331996468101255,1809.46406129994,0.862283923589612,0.8524041629053,0.702222724313734,0.062765170695951,4.54285490127915
/home/ale/Desktop/Datos procesados/7/Segment 7 in/7in.nrrd,/home/ale/Desktop/Datos procesados/7/Segment 7 in/7LabelMapVolume_8in.nrrd,"{'normalize': False, 'normalizeScale': 1, 'interpolator': 'sitkBSpline', 'additionalInfo': True}",{'Original': {}},3D,"(512, 512, 1)",131.087741851807,0,937,12b12e3f4f48e84f7727ab27d9384c31c154ca0e,2022,4.02977541290461,427,267.063303659743,262,166,0.816241946533703,1512.71607177624,0.751846018026552,0.849260184504413,0.732577346487639,0.075226624504449,4.31355289018203
/home/ale/Desktop/Datos procesados/7/Segment 7 in/7in.nrrd,/home/ale/Desktop/Datos procesados/7/Segment 7 in/7LabelMapVolume_all_in.nrrd,"{'normalize': False, 'normalizeScale': 1, 'interpolator': 'sitkBSpline', 'additionalInfo': True}",{'Original': {}},3D,"(512, 512, 1)",131.087741851807,0,937,6cf4d53d06faee227f78b498e5319114125fb0e5,31395,9.3259517881194,937,277.223825449912,261,85,1.67846304731248,5041.0920267101,0.942203000381097,0.942002565688481,0.725627387875106,0.046171300219089,5.12498820578611
