Image,Mask,diagnostics_Configuration_Settings,diagnostics_Configuration_EnabledImageTypes,diagnostics_Image-original_Dimensionality,diagnostics_Image-original_Size,diagnostics_Image-original_Mean,diagnostics_Image-original_Minimum,diagnostics_Image-original_Maximum,diagnostics_Mask-original_Hash,diagnostics_Mask-original_VoxelNum,original_firstorder_Kurtosis,original_firstorder_Maximum,original_firstorder_Mean,original_firstorder_Median,original_firstorder_Minimum,original_firstorder_Skewness,original_firstorder_Variance,original_glcm_Contrast,original_glcm_Correlation,original_glcm_Idm,original_glcm_JointEnergy,original_glcm_JointEntropy
/home/ale/Desktop/Datos procesados/13/Segment 13 out/13out.nrrd,/home/ale/Desktop/Datos procesados/13/Segment 13 out/13LabelMapVolume_1out.nrrd,"{'normalize': False, 'normalizeScale': 1, 'interpolator': 'sitkBSpline', 'additionalInfo': True}",{'Original': {}},3D,"(512, 512, 1)",225.02161026001,0,2905,5608668b52b1e7bb314d336694cf30d15d373f61,899,1.97838676085706,285,187.462736373749,182,82,0.150413752823523,1998.96051353562,0.539955045653495,0.916716858321495,0.765985933999519,0.064093867637681,4.31351967191387
/home/ale/Desktop/Datos procesados/13/Segment 13 out/13out.nrrd,/home/ale/Desktop/Datos procesados/13/Segment 13 out/13LabelMapVolume_2out.nrrd,"{'normalize': False, 'normalizeScale': 1, 'interpolator': 'sitkBSpline', 'additionalInfo': True}",{'Original': {}},3D,"(512, 512, 1)",225.02161026001,0,2905,3b6ec0470b6a21974cac58865c562959ef6cfcde,898,2.8047863927006,339,262.081291759465,262,148,-0.228688727644047,1046.05463886588,0.47638191832692,0.85813428932337,0.784366480382184,0.095151937295134,3.82050093198283
/home/ale/Desktop/Datos procesados/13/Segment 13 out/13out.nrrd,/home/ale/Desktop/Datos procesados/13/Segment 13 out/13LabelMapVolume_3out.nrrd,"{'normalize': False, 'normalizeScale': 1, 'interpolator': 'sitkBSpline', 'additionalInfo': True}",{'Original': {}},3D,"(512, 512, 1)",225.02161026001,0,2905,14fefedd64e8518b4a05b28dad3720fe685ebc9c,900,3.47787477347501,296,216.758888888889,218,133,-0.267126398440614,514.329643209877,0.456293746143287,0.743144789072346,0.793318827370383,0.14687019040245,3.2866203920391
/home/ale/Desktop/Datos procesados/13/Segment 13 out/13out.nrrd,/home/ale/Desktop/Datos procesados/13/Segment 13 out/13LabelMapVolume_4out.nrrd,"{'normalize': False, 'normalizeScale': 1, 'interpolator': 'sitkBSpline', 'additionalInfo': True}",{'Original': {}},3D,"(512, 512, 1)",225.02161026001,0,2905,186643e4a7190ac8852bf69d430fefcd6b374d2c,898,6.20371158377213,323,254.674832962138,257,128,-1.02635041311097,600.880903368535,0.443903074692555,0.765672498885034,0.805518369009782,0.163224284123689,3.21794466717504
/home/ale/Desktop/Datos procesados/13/Segment 13 out/13out.nrrd,/home/ale/Desktop/Datos procesados/13/Segment 13 out/13LabelMapVolume_5out.nrrd,"{'normalize': False, 'normalizeScale': 1, 'interpolator': 'sitkBSpline', 'additionalInfo': True}",{'Original': {}},3D,"(512, 512, 1)",225.02161026001,0,2905,02b9cba9f10872517c18c2032f70e441b89bd671,898,3.06672685425974,251,207.706013363029,209,140,-0.395044499194014,338.165242235902,0.377345296884994,0.67648202500812,0.820507017706741,0.195487256245186,2.83550128736977
/home/ale/Desktop/Datos procesados/13/Segment 13 out/13out.nrrd,/home/ale/Desktop/Datos procesados/13/Segment 13 out/13LabelMapVolume_6out.nrrd,"{'normalize': False, 'normalizeScale': 1, 'interpolator': 'sitkBSpline', 'additionalInfo': True}",{'Original': {}},3D,"(512, 512, 1)",225.02161026001,0,2905,ba4247dc8abdc1c10556a3bad22e3f9ec688b74c,899,2.52594551798831,317,250.215795328142,250,190,0.092988741678575,531.003487993705,0.432410811546841,0.766897248978036,0.797524986383442,0.133067395266533,3.30258594818052
/home/ale/Desktop/Datos procesados/13/Segment 13 out/13out.nrrd,/home/ale/Desktop/Datos procesados/13/Segment 13 out/13LabelMapVolume_7out.nrrd,"{'normalize': False, 'normalizeScale': 1, 'interpolator': 'sitkBSpline', 'additionalInfo': True}",{'Original': {}},3D,"(512, 512, 1)",225.02161026001,0,2905,f0f2ee3667c1181cf5baac400026abce5b6afc41,898,3.63860919323127,238,198.188195991091,200,122,-0.667164020344999,391.070372914817,0.465823729364975,0.671950325434938,0.78860764035591,0.169804430162178,3.0739530796372
/home/ale/Desktop/Datos procesados/13/Segment 13 out/13out.nrrd,/home/ale/Desktop/Datos procesados/13/Segment 13 out/13LabelMapVolume_8out.nrrd,"{'normalize': False, 'normalizeScale': 1, 'interpolator': 'sitkBSpline', 'additionalInfo': True}",{'Original': {}},3D,"(512, 512, 1)",225.02161026001,0,2905,cf060de14ea92ea613ca0636074ceb4422d87d15,900,3.5521955632951,223,164.702222222222,174,62,-1.09337615798805,1040.85132839506,0.445040529708153,0.874513780152926,0.796834613434105,0.134623950360252,3.56254465670838
/home/ale/Desktop/Datos procesados/13/Segment 13 out/13out.nrrd,/home/ale/Desktop/Datos procesados/13/Segment 13 out/13LabelMapVolume_all_out.nrrd,"{'normalize': False, 'normalizeScale': 1, 'interpolator': 'sitkBSpline', 'additionalInfo': True}",{'Original': {}},3D,"(512, 512, 1)",225.02161026001,0,2905,939a02f9fdc379e43fe92d1d7b188008546da174,32006,3.5246347737382,490,225.160188714616,221,61,0.328008843849088,3110.72141824846,0.447156765896136,0.955140270204048,0.796718580706069,0.060560698550663,4.61077430849195
