Image,Mask,diagnostics_Configuration_Settings,diagnostics_Configuration_EnabledImageTypes,diagnostics_Image-original_Dimensionality,diagnostics_Image-original_Size,diagnostics_Image-original_Mean,diagnostics_Image-original_Minimum,diagnostics_Image-original_Maximum,diagnostics_Mask-original_Hash,diagnostics_Mask-original_VoxelNum,original_firstorder_Kurtosis,original_firstorder_Maximum,original_firstorder_Mean,original_firstorder_Median,original_firstorder_Minimum,original_firstorder_Skewness,original_firstorder_Variance,original_glcm_Contrast,original_glcm_Correlation,original_glcm_Idm,original_glcm_JointEnergy,original_glcm_JointEntropy
/home/ale/Desktop/Datos procesados/23/Segment 23 out/23out.nrrd,/home/ale/Desktop/Datos procesados/23/Segment 23 out/23LabelMapVolume_1out.nrrd,"{'normalize': False, 'normalizeScale': 1, 'interpolator': 'sitkBSpline', 'additionalInfo': True}",{'Original': {}},3D,"(480, 480, 1)",304.074661095849,0,2082.82197802198,9ea12e81edb5a92f0a09909efccdce97f6ffc5b7,501,2.60047273162928,738.215384615384,540.413340352262,533.887912087912,362.516483516483,0.107660354076955,4756.90053588806,6.82496268771011,0.562289775573452,0.394171670073373,0.01404205420331,6.52555380484593
/home/ale/Desktop/Datos procesados/23/Segment 23 out/23out.nrrd,/home/ale/Desktop/Datos procesados/23/Segment 23 out/23LabelMapVolume_2out.nrrd,"{'normalize': False, 'normalizeScale': 1, 'interpolator': 'sitkBSpline', 'additionalInfo': True}",{'Original': {}},3D,"(480, 480, 1)",304.074661095849,0,2082.82197802198,53cac4b660e71cf26fca6bd5928d5d89ba634328,502,3.13874575589002,698.668131868132,540.190263123331,540.479120879121,402.063736263736,0.040816537175678,2474.32253918811,3.96187323146576,0.495471992297914,0.467694782160876,0.029553756426775,5.67018076117523
/home/ale/Desktop/Datos procesados/23/Segment 23 out/23out.nrrd,/home/ale/Desktop/Datos procesados/23/Segment 23 out/23LabelMapVolume_3out.nrrd,"{'normalize': False, 'normalizeScale': 1, 'interpolator': 'sitkBSpline', 'additionalInfo': True}",{'Original': {}},3D,"(480, 480, 1)",304.074661095849,0,2082.82197802198,5cf403c516fa1405adb8424ae81bc11a653de211,500,3.32188852364081,731.624175824176,552.870593406593,553.661538461538,382.29010989011,-0.043478206830388,2700.72439833643,4.52771239303498,0.488910011819388,0.446829257036305,0.024861047224142,5.84770245916046
/home/ale/Desktop/Datos procesados/23/Segment 23 out/23out.nrrd,/home/ale/Desktop/Datos procesados/23/Segment 23 out/23LabelMapVolume_4out.nrrd,"{'normalize': False, 'normalizeScale': 1, 'interpolator': 'sitkBSpline', 'additionalInfo': True}",{'Original': {}},3D,"(480, 480, 1)",304.074661095849,0,2082.82197802198,e124eda1896b9aa5077d6db9f4d03d9f8b37fcd8,500,3.22291402833357,764.58021978022,564.853410989011,563.548351648352,329.560439560439,-0.13538047489847,5113.13664011011,8.0740151781515,0.515035295093723,0.362831775324,0.014196771651379,6.62537897233333
/home/ale/Desktop/Datos procesados/23/Segment 23 out/23out.nrrd,/home/ale/Desktop/Datos procesados/23/Segment 23 out/23LabelMapVolume_5out.nrrd,"{'normalize': False, 'normalizeScale': 1, 'interpolator': 'sitkBSpline', 'additionalInfo': True}",{'Original': {}},3D,"(480, 480, 1)",304.074661095849,0,2082.82197802198,421377787482d50ea6d3556d3258d7a96fddecee,502,3.33715570534479,738.215384615384,510.976240094567,514.114285714286,270.23956043956,-0.188762640537705,5792.35429232493,12.5101201771031,0.346103983839907,0.321356139078651,0.01169471728113,6.91963333140697
/home/ale/Desktop/Datos procesados/23/Segment 23 out/23out.nrrd,/home/ale/Desktop/Datos procesados/23/Segment 23 out/23LabelMapVolume_6out.nrrd,"{'normalize': False, 'normalizeScale': 1, 'interpolator': 'sitkBSpline', 'additionalInfo': True}",{'Original': {}},3D,"(480, 480, 1)",304.074661095849,0,2082.82197802198,e97b614efba11985a035a1b31b83af2c78b9190d,502,3.10936285793557,757.989010989011,514.140545510267,514.114285714286,237.283516483516,-0.100284465872918,7425.64041757042,15.1354152256008,0.365581651922091,0.283722094966612,0.009152788191494,7.19146382197158
/home/ale/Desktop/Datos procesados/23/Segment 23 out/23out.nrrd,/home/ale/Desktop/Datos procesados/23/Segment 23 out/23LabelMapVolume_7out.nrrd,"{'normalize': False, 'normalizeScale': 1, 'interpolator': 'sitkBSpline', 'additionalInfo': True}",{'Original': {}},3D,"(480, 480, 1)",304.074661095849,0,2082.82197802198,8c0214231aba7dbc81cfa295242196c97642d914,502,3.30549832609323,711.850549450549,425.920760912394,421.837362637363,204.327472527472,0.320242133303601,6945.18892859955,16.2049858517261,0.262557536100632,0.292410602843321,0.010570902245116,7.08879885459164
/home/ale/Desktop/Datos procesados/23/Segment 23 out/23out.nrrd,/home/ale/Desktop/Datos procesados/23/Segment 23 out/23LabelMapVolume_8out.nrrd,"{'normalize': False, 'normalizeScale': 1, 'interpolator': 'sitkBSpline', 'additionalInfo': True}",{'Original': {}},3D,"(480, 480, 1)",304.074661095849,0,2082.82197802198,74d5ce8a46a72a429882cc7f5379d8eb823a48ee,502,3.27536058163949,777.762637362637,510.280355501073,514.114285714286,184.553846153846,-0.279309458547763,7618.12339262282,13.7992522815578,0.446021166575977,0.300342234724917,0.009419549297346,7.18363562254878
/home/ale/Desktop/Datos procesados/23/Segment 23 out/23out.nrrd,/home/ale/Desktop/Datos procesados/23/Segment 23 out/23LabelMapVolume_all_out.nrrd,"{'normalize': False, 'normalizeScale': 1, 'interpolator': 'sitkBSpline', 'additionalInfo': True}",{'Original': {}},3D,"(480, 480, 1)",304.074661095849,0,2082.82197802198,5d1dc3f99198ebdf4fbffb9dbe5800713cc0bf97,23020,3.81957635407581,850.265934065934,510.232287070011,520.705494505494,32.9560439560439,-0.623031508036736,8672.89504783207,10.0366667136774,0.637867497641299,0.361588225317,0.010046879097172,7.3462039325877
