Image,Mask,diagnostics_Configuration_Settings,diagnostics_Configuration_EnabledImageTypes,diagnostics_Image-original_Dimensionality,diagnostics_Image-original_Size,diagnostics_Image-original_Mean,diagnostics_Image-original_Minimum,diagnostics_Image-original_Maximum,diagnostics_Mask-original_Hash,diagnostics_Mask-original_VoxelNum,original_firstorder_Kurtosis,original_firstorder_Maximum,original_firstorder_Mean,original_firstorder_Median,original_firstorder_Minimum,original_firstorder_Skewness,original_firstorder_Variance,original_glcm_Contrast,original_glcm_Correlation,original_glcm_Idm,original_glcm_JointEnergy,original_glcm_JointEntropy
/home/ale/Desktop/Datos procesados/17/Segment 17 out/17out.nrrd,/home/ale/Desktop/Datos procesados/17/Segment 17 out/17LabelMapVolume_1out.nrrd,"{'normalize': False, 'normalizeScale': 1, 'interpolator': 'sitkBSpline', 'additionalInfo': True}",{'Original': {}},3D,"(512, 512, 1)",154.532573699951,0,1213,4e4ac5247ea7977e1507ed5b0e22dda154babe3d,1224,4.24420114396005,370,296.940359477124,299,181,-0.385898317205755,718.008697909992,0.427877016598072,0.825206578890368,0.805556580022719,0.135318700243524,3.47600418836819
/home/ale/Desktop/Datos procesados/17/Segment 17 out/17out.nrrd,/home/ale/Desktop/Datos procesados/17/Segment 17 out/17LabelMapVolume_2out.nrrd,"{'normalize': False, 'normalizeScale': 1, 'interpolator': 'sitkBSpline', 'additionalInfo': True}",{'Original': {}},3D,"(512, 512, 1)",154.532573699951,0,1213,fc2e6783ecffb5cb3c4316e77b129e11ee812811,1224,3.60828717908938,279,113.101307189542,103,29,0.889271402607447,2055.13352770302,0.772379265059924,0.88166113065744,0.717653866266164,0.066634859490085,4.50787226019021
/home/ale/Desktop/Datos procesados/17/Segment 17 out/17out.nrrd,/home/ale/Desktop/Datos procesados/17/Segment 17 out/17LabelMapVolume_3out.nrrd,"{'normalize': False, 'normalizeScale': 1, 'interpolator': 'sitkBSpline', 'additionalInfo': True}",{'Original': {}},3D,"(512, 512, 1)",154.532573699951,0,1213,664b9cd10bed4d68100776b1e4082f03e1e6ce97,1223,2.80048973736062,347,263.558462796402,265,171,-0.221389722322484,983.319353973882,0.668158881029919,0.798616973537562,0.736523813980429,0.083550584301827,4.02590261197708
/home/ale/Desktop/Datos procesados/17/Segment 17 out/17out.nrrd,/home/ale/Desktop/Datos procesados/17/Segment 17 out/17LabelMapVolume_4out.nrrd,"{'normalize': False, 'normalizeScale': 1, 'interpolator': 'sitkBSpline', 'additionalInfo': True}",{'Original': {}},3D,"(512, 512, 1)",154.532573699951,0,1213,75ca2a7751faae91a117eadb1d98b78b1384dc1a,1222,4.12894820325837,459,337.589198036007,339,82,-0.447054316109116,2638.84433503607,1.34202119621796,0.839388559874857,0.652679835990791,0.041935326944096,5.1278974904983
/home/ale/Desktop/Datos procesados/17/Segment 17 out/17out.nrrd,/home/ale/Desktop/Datos procesados/17/Segment 17 out/17LabelMapVolume_5out.nrrd,"{'normalize': False, 'normalizeScale': 1, 'interpolator': 'sitkBSpline', 'additionalInfo': True}",{'Original': {}},3D,"(512, 512, 1)",154.532573699951,0,1213,72ec883cf3470b795b4c953cde6586a30be21aac,1223,2.72335827498255,337,142.22485690924,139,23,0.407349419303851,3233.82106651673,2.11537799081009,0.794853254346684,0.550348830619986,0.026342565044504,5.60189345990432
/home/ale/Desktop/Datos procesados/17/Segment 17 out/17out.nrrd,/home/ale/Desktop/Datos procesados/17/Segment 17 out/17LabelMapVolume_6out.nrrd,"{'normalize': False, 'normalizeScale': 1, 'interpolator': 'sitkBSpline', 'additionalInfo': True}",{'Original': {}},3D,"(512, 512, 1)",154.532573699951,0,1213,8a733f0b5fe8e32fe8b7c142ed3b1a95e4f5b123,1224,2.63069116195895,501,422.440359477124,425,344,-0.246359458424202,867.362456079927,0.409724895725913,0.855355880815667,0.808751000927554,0.115253976207376,3.57732260258248
/home/ale/Desktop/Datos procesados/17/Segment 17 out/17out.nrrd,/home/ale/Desktop/Datos procesados/17/Segment 17 out/17LabelMapVolume_7out.nrrd,"{'normalize': False, 'normalizeScale': 1, 'interpolator': 'sitkBSpline', 'additionalInfo': True}",{'Original': {}},3D,"(512, 512, 1)",154.532573699951,0,1213,0865f635624bba6e2be4a995f575f2398320188c,1223,6.79994996686555,329,267.083401471791,271,133,-1.49689891165639,778.720762918951,0.436409567580622,0.822129438622028,0.803885965792866,0.158977700291928,3.3143565830456
/home/ale/Desktop/Datos procesados/17/Segment 17 out/17out.nrrd,/home/ale/Desktop/Datos procesados/17/Segment 17 out/17LabelMapVolume_8out.nrrd,"{'normalize': False, 'normalizeScale': 1, 'interpolator': 'sitkBSpline', 'additionalInfo': True}",{'Original': {}},3D,"(512, 512, 1)",154.532573699951,0,1213,36d9c730bfaf35bad5c3d463eba5c0da0fb5dd7a,1221,3.11571188316478,427,351.307944307944,353,244,-0.392143014920614,1019.58084597888,0.357937064042726,0.889128604884361,0.827219804861276,0.118369622031179,3.60078496249766
/home/ale/Desktop/Datos procesados/17/Segment 17 out/17out.nrrd,/home/ale/Desktop/Datos procesados/17/Segment 17 out/17LabelMapVolume_all_out.nrrd,"{'normalize': False, 'normalizeScale': 1, 'interpolator': 'sitkBSpline', 'additionalInfo': True}",{'Original': {}},3D,"(512, 512, 1)",154.532573699951,0,1213,193e4cb55a425d004f706367c89a573fcb1776cb,47027,3.12256312859376,642,302.339422034151,299,23,0.042222236370126,10973.0360462179,1.01578217879112,0.970887762396115,0.728802289713976,0.028445410120211,5.90421931784992
