Image,Mask,diagnostics_Configuration_Settings,diagnostics_Configuration_EnabledImageTypes,diagnostics_Image-original_Dimensionality,diagnostics_Image-original_Size,diagnostics_Image-original_Mean,diagnostics_Image-original_Minimum,diagnostics_Image-original_Maximum,diagnostics_Mask-original_Hash,diagnostics_Mask-original_VoxelNum,original_firstorder_Kurtosis,original_firstorder_Maximum,original_firstorder_Mean,original_firstorder_Median,original_firstorder_Minimum,original_firstorder_Skewness,original_firstorder_Variance,original_glcm_Contrast,original_glcm_Correlation,original_glcm_Idm,original_glcm_JointEnergy,original_glcm_JointEntropy
/home/ale/Desktop/Datos procesados/26/Segment 26 in/26in.nrrd,/home/ale/Desktop/Datos procesados/26/Segment 26 in/26LabelMapVolume_1in.nrrd,"{'normalize': False, 'normalizeScale': 1, 'interpolator': 'sitkBSpline', 'additionalInfo': True}",{'Original': {}},3D,"(640, 440, 1)",99.98856889204545,0.0,429.0,5523df7a88e12699fa9d57a91dfc6d9b4578eb76,1717,4.222596933942589,282.0,260.03552708212,267.0,190.0,-1.2983436772040855,316.62366502503824,0.16210078054061605,0.8699551709011191,0.918949609729692,0.2990544115899626,2.3590722772839547
Image,Mask,diagnostics_Configuration_Settings,diagnostics_Configuration_EnabledImageTypes,diagnostics_Image-original_Dimensionality,diagnostics_Image-original_Size,diagnostics_Image-original_Mean,diagnostics_Image-original_Minimum,diagnostics_Image-original_Maximum,diagnostics_Mask-original_Hash,diagnostics_Mask-original_VoxelNum,original_firstorder_Kurtosis,original_firstorder_Maximum,original_firstorder_Mean,original_firstorder_Median,original_firstorder_Minimum,original_firstorder_Skewness,original_firstorder_Variance,original_glcm_Contrast,original_glcm_Correlation,original_glcm_Idm,original_glcm_JointEnergy,original_glcm_JointEntropy
/home/ale/Desktop/Datos procesados/26/Segment 26 in/26in.nrrd,/home/ale/Desktop/Datos procesados/26/Segment 26 in/26LabelMapVolume_2in.nrrd,"{'normalize': False, 'normalizeScale': 1, 'interpolator': 'sitkBSpline', 'additionalInfo': True}",{'Original': {}},3D,"(640, 440, 1)",99.98856889204545,0.0,429.0,1d0342509a742077b8896d018fd474d4fba7bd9a,1714,1.6247294975555833,275.0,216.585764294049,219.0,150.0,-0.10029933240779036,1377.120124065796,0.18890766223814837,0.9571119384945599,0.9059110214534194,0.14758841981269338,3.098209231495334
Image,Mask,diagnostics_Configuration_Settings,diagnostics_Configuration_EnabledImageTypes,diagnostics_Image-original_Dimensionality,diagnostics_Image-original_Size,diagnostics_Image-original_Mean,diagnostics_Image-original_Minimum,diagnostics_Image-original_Maximum,diagnostics_Mask-original_Hash,diagnostics_Mask-original_VoxelNum,original_firstorder_Kurtosis,original_firstorder_Maximum,original_firstorder_Mean,original_firstorder_Median,original_firstorder_Minimum,original_firstorder_Skewness,original_firstorder_Variance,original_glcm_Contrast,original_glcm_Correlation,original_glcm_Idm,original_glcm_JointEnergy,original_glcm_JointEntropy
/home/ale/Desktop/Datos procesados/26/Segment 26 in/26in.nrrd,/home/ale/Desktop/Datos procesados/26/Segment 26 in/26LabelMapVolume_3in.nrrd,"{'normalize': False, 'normalizeScale': 1, 'interpolator': 'sitkBSpline', 'additionalInfo': True}",{'Original': {}},3D,"(640, 440, 1)",99.98856889204545,0.0,429.0,0a064bb4de19dc3eb81a370cfc38967ebfdf3794,1715,3.430707299833715,260.0,225.37142857142857,235.0,149.0,-1.1324280099613848,618.5133527696794,0.1966523917289053,0.9034052529022605,0.9016738041355474,0.26945902816009815,2.6677490062038216
Image,Mask,diagnostics_Configuration_Settings,diagnostics_Configuration_EnabledImageTypes,diagnostics_Image-original_Dimensionality,diagnostics_Image-original_Size,diagnostics_Image-original_Mean,diagnostics_Image-original_Minimum,diagnostics_Image-original_Maximum,diagnostics_Mask-original_Hash,diagnostics_Mask-original_VoxelNum,original_firstorder_Kurtosis,original_firstorder_Maximum,original_firstorder_Mean,original_firstorder_Median,original_firstorder_Minimum,original_firstorder_Skewness,original_firstorder_Variance,original_glcm_Contrast,original_glcm_Correlation,original_glcm_Idm,original_glcm_JointEnergy,original_glcm_JointEntropy
/home/ale/Desktop/Datos procesados/26/Segment 26 in/26in.nrrd,/home/ale/Desktop/Datos procesados/26/Segment 26 in/26LabelMapVolume_4in.nrrd,"{'normalize': False, 'normalizeScale': 1, 'interpolator': 'sitkBSpline', 'additionalInfo': True}",{'Original': {}},3D,"(640, 440, 1)",99.98856889204545,0.0,429.0,150f3974a339264d78bf86fbe11bcfe2cf85de59,1717,8.052244177361244,237.0,214.185789167152,218.0,135.0,-2.019115991071708,249.39413701553784,0.14141987380969012,0.8603994784017028,0.9298361796000092,0.3806738320791766,2.0652242114508867
Image,Mask,diagnostics_Configuration_Settings,diagnostics_Configuration_EnabledImageTypes,diagnostics_Image-original_Dimensionality,diagnostics_Image-original_Size,diagnostics_Image-original_Mean,diagnostics_Image-original_Minimum,diagnostics_Image-original_Maximum,diagnostics_Mask-original_Hash,diagnostics_Mask-original_VoxelNum,original_firstorder_Kurtosis,original_firstorder_Maximum,original_firstorder_Mean,original_firstorder_Median,original_firstorder_Minimum,original_firstorder_Skewness,original_firstorder_Variance,original_glcm_Contrast,original_glcm_Correlation,original_glcm_Idm,original_glcm_JointEnergy,original_glcm_JointEntropy
/home/ale/Desktop/Datos procesados/26/Segment 26 in/26in.nrrd,/home/ale/Desktop/Datos procesados/26/Segment 26 in/26LabelMapVolume_5in.nrrd,"{'normalize': False, 'normalizeScale': 1, 'interpolator': 'sitkBSpline', 'additionalInfo': True}",{'Original': {}},3D,"(640, 440, 1)",99.98856889204545,0.0,429.0,11d990acd02989139c536dda9cf1580538e11d8c,1716,12.05875762658181,233.0,206.6765734265734,208.5,134.0,-2.25443397527589,138.09294769915402,0.11300260352727695,0.785313859074992,0.9434986982363615,0.6040704689322954,1.3915906097571755
Image,Mask,diagnostics_Configuration_Settings,diagnostics_Configuration_EnabledImageTypes,diagnostics_Image-original_Dimensionality,diagnostics_Image-original_Size,diagnostics_Image-original_Mean,diagnostics_Image-original_Minimum,diagnostics_Image-original_Maximum,diagnostics_Mask-original_Hash,diagnostics_Mask-original_VoxelNum,original_firstorder_Kurtosis,original_firstorder_Maximum,original_firstorder_Mean,original_firstorder_Median,original_firstorder_Minimum,original_firstorder_Skewness,original_firstorder_Variance,original_glcm_Contrast,original_glcm_Correlation,original_glcm_Idm,original_glcm_JointEnergy,original_glcm_JointEntropy
/home/ale/Desktop/Datos procesados/26/Segment 26 in/26in.nrrd,/home/ale/Desktop/Datos procesados/26/Segment 26 in/26LabelMapVolume_6in.nrrd,"{'normalize': False, 'normalizeScale': 1, 'interpolator': 'sitkBSpline', 'additionalInfo': True}",{'Original': {}},3D,"(640, 440, 1)",99.98856889204545,0.0,429.0,0fc771e0be2c4e0d2344f90b97bcafaf7e25a320,1715,7.21933882420487,256.0,226.11545189504372,234.0,131.0,-2.047699582218002,528.9569332506014,0.15957926305394576,0.9075337435353495,0.9203926284973284,0.4378361123212021,2.0995959009118086
Image,Mask,diagnostics_Configuration_Settings,diagnostics_Configuration_EnabledImageTypes,diagnostics_Image-original_Dimensionality,diagnostics_Image-original_Size,diagnostics_Image-original_Mean,diagnostics_Image-original_Minimum,diagnostics_Image-original_Maximum,diagnostics_Mask-original_Hash,diagnostics_Mask-original_VoxelNum,original_firstorder_Kurtosis,original_firstorder_Maximum,original_firstorder_Mean,original_firstorder_Median,original_firstorder_Minimum,original_firstorder_Skewness,original_firstorder_Variance,original_glcm_Contrast,original_glcm_Correlation,original_glcm_Idm,original_glcm_JointEnergy,original_glcm_JointEntropy
/home/ale/Desktop/Datos procesados/26/Segment 26 in/26in.nrrd,/home/ale/Desktop/Datos procesados/26/Segment 26 in/26LabelMapVolume_7in.nrrd,"{'normalize': False, 'normalizeScale': 1, 'interpolator': 'sitkBSpline', 'additionalInfo': True}",{'Original': {}},3D,"(640, 440, 1)",99.98856889204545,0.0,429.0,19500b6d7dfe16e42e2ca579ea70c9476396c239,1714,6.620849623100242,256.0,221.8879813302217,226.0,140.0,-1.710326842798471,351.1193071268393,0.16330913285215198,0.8718024506098275,0.9188928788293984,0.32774579337030996,2.1802418550780738
Image,Mask,diagnostics_Configuration_Settings,diagnostics_Configuration_EnabledImageTypes,diagnostics_Image-original_Dimensionality,diagnostics_Image-original_Size,diagnostics_Image-original_Mean,diagnostics_Image-original_Minimum,diagnostics_Image-original_Maximum,diagnostics_Mask-original_Hash,diagnostics_Mask-original_VoxelNum,original_firstorder_Kurtosis,original_firstorder_Maximum,original_firstorder_Mean,original_firstorder_Median,original_firstorder_Minimum,original_firstorder_Skewness,original_firstorder_Variance,original_glcm_Contrast,original_glcm_Correlation,original_glcm_Idm,original_glcm_JointEnergy,original_glcm_JointEntropy
/home/ale/Desktop/Datos procesados/26/Segment 26 in/26in.nrrd,/home/ale/Desktop/Datos procesados/26/Segment 26 in/26LabelMapVolume_8in.nrrd,"{'normalize': False, 'normalizeScale': 1, 'interpolator': 'sitkBSpline', 'additionalInfo': True}",{'Original': {}},3D,"(640, 440, 1)",99.98856889204545,0.0,429.0,e5b653b053354cd338f9f4142124e4f2cf077a87,1718,5.155789266862762,262.0,226.76542491268918,235.0,134.0,-1.5270370802630655,603.1236706867368,0.20803237505091415,0.8965281980085213,0.8979850253308195,0.2848931843437905,2.6629960893874904
Image,Mask,diagnostics_Configuration_Settings,diagnostics_Configuration_EnabledImageTypes,diagnostics_Image-original_Dimensionality,diagnostics_Image-original_Size,diagnostics_Image-original_Mean,diagnostics_Image-original_Minimum,diagnostics_Image-original_Maximum,diagnostics_Mask-original_Hash,diagnostics_Mask-original_VoxelNum,original_firstorder_Kurtosis,original_firstorder_Maximum,original_firstorder_Mean,original_firstorder_Median,original_firstorder_Minimum,original_firstorder_Skewness,original_firstorder_Variance,original_glcm_Contrast,original_glcm_Correlation,original_glcm_Idm,original_glcm_JointEnergy,original_glcm_JointEntropy
/home/ale/Desktop/Datos procesados/26/Segment 26 in/26in.nrrd,/home/ale/Desktop/Datos procesados/26/Segment 26 in/26LabelMapVolume_all_in.nrrd,"{'normalize': False, 'normalizeScale': 1, 'interpolator': 'sitkBSpline', 'additionalInfo': True}",{'Original': {}},3D,"(640, 440, 1)",99.98856889204545,0.0,429.0,b0a6be2399d9b982d0500c3c4d005fefc6729a63,41234,3.1229036548010596,292.0,223.72539651743708,228.0,117.0,-0.6927012955363069,1037.026232351141,0.17196946267538893,0.9502041766130129,0.9145520729948745,0.16678102549598375,3.1588829629902024
