Image,Mask,diagnostics_Configuration_Settings,diagnostics_Configuration_EnabledImageTypes,diagnostics_Image-original_Dimensionality,diagnostics_Image-original_Size,diagnostics_Image-original_Mean,diagnostics_Image-original_Minimum,diagnostics_Image-original_Maximum,diagnostics_Mask-original_Hash,diagnostics_Mask-original_VoxelNum,original_firstorder_Kurtosis,original_firstorder_Maximum,original_firstorder_Mean,original_firstorder_Median,original_firstorder_Minimum,original_firstorder_Skewness,original_firstorder_Variance,original_glcm_Contrast,original_glcm_Correlation,original_glcm_Idm,original_glcm_JointEnergy,original_glcm_JointEntropy,,,,,,,
/home/ale/Desktop/Datos,procesados/24/Segment,24,out/24out.nrrd,/home/ale/Desktop/Datos,procesados/24/Segment,24,out/24LabelMapVolume_1out.nrrd,"{'normalize': False, 'normalizeScale': 1, 'interpolator': 'sitkBSpline', 'additionalInfo': True}",{'Original':,{}},3D,"(640, 540, 1)",150.18421875,0,603,58cd2e335af508a92caa67882b1375eda2cc4ccd,1716,2.71807928254242,154,118.559440559441,118,84,0.051712968609391,121.845534418961,0.186865861472824,0.652366614714265,0.906749329287889,0.385885672436271,1.82457278195798
/home/ale/Desktop/Datos,procesados/24/Segment,24,out/24out.nrrd,/home/ale/Desktop/Datos,procesados/24/Segment,24,out/24LabelMapVolume_2out.nrrd,"{'normalize': False, 'normalizeScale': 1, 'interpolator': 'sitkBSpline', 'additionalInfo': True}",{'Original':,{}},3D,"(640, 540, 1)",150.18421875,0,603,cccbdd2710775ff4411e0ac6c330b72b8960554e,1715,2.52371900092109,197,166.094460641399,166,137,0.156739437492204,117.027811881104,0.19569158161442,0.626235379276031,0.90215420919279,0.414410522426957,1.83668950918229
/home/ale/Desktop/Datos,procesados/24/Segment,24,out/24out.nrrd,/home/ale/Desktop/Datos,procesados/24/Segment,24,out/24LabelMapVolume_3out.nrrd,"{'normalize': False, 'normalizeScale': 1, 'interpolator': 'sitkBSpline', 'additionalInfo': True}",{'Original':,{}},3D,"(640, 540, 1)",150.18421875,0,603,0fc62bd1619afd200321008506097b68216fc6c8,1717,3.29857249275876,174,145.926033779849,146,108,-0.171816601347946,107.985792830542,0.189869706176806,0.653359257344859,0.905065146911597,0.361286307679186,1.82678820462848
/home/ale/Desktop/Datos,procesados/24/Segment,24,out/24out.nrrd,/home/ale/Desktop/Datos,procesados/24/Segment,24,out/24LabelMapVolume_4out.nrrd,"{'normalize': False, 'normalizeScale': 1, 'interpolator': 'sitkBSpline', 'additionalInfo': True}",{'Original':,{}},3D,"(640, 540, 1)",150.18421875,0,603,d69191c4bb2f72edef18975f1cdd9356eabf4eb5,1716,2.76268915252476,219,156.276223776224,156,107,0.170288951809583,425.788502290251,0.314013062596952,0.794736381691338,0.844268514238864,0.176593836409742,2.96127561869305
/home/ale/Desktop/Datos,procesados/24/Segment,24,out/24out.nrrd,/home/ale/Desktop/Datos,procesados/24/Segment,24,out/24LabelMapVolume_5out.nrrd,"{'normalize': False, 'normalizeScale': 1, 'interpolator': 'sitkBSpline', 'additionalInfo': True}",{'Original':,{}},3D,"(640, 540, 1)",150.18421875,0,603,8bba507b4f652f1fa0a6977429382a20c105a547,1714,3.61182011689822,202,154.010501750292,155,98,-0.365069774099464,245.146914217325,0.307833298164963,0.675422996276577,0.850448756654281,0.251567125128389,2.55300245680729
/home/ale/Desktop/Datos,procesados/24/Segment,24,out/24out.nrrd,/home/ale/Desktop/Datos,procesados/24/Segment,24,out/24LabelMapVolume_6out.nrrd,"{'normalize': False, 'normalizeScale': 1, 'interpolator': 'sitkBSpline', 'additionalInfo': True}",{'Original':,{}},3D,"(640, 540, 1)",150.18421875,0,603,5f5ba4a2529e2ffb48a16c121f67dc1ce0207bca,1716,2.82992966486888,186,141.036713286713,143,82,-0.429400860077402,328.929304815231,0.291019182828914,0.770157449922846,0.85539952071156,0.20385101681702,2.74112189767983
/home/ale/Desktop/Datos,procesados/24/Segment,24,out/24out.nrrd,/home/ale/Desktop/Datos,procesados/24/Segment,24,out/24LabelMapVolume_7out.nrrd,"{'normalize': False, 'normalizeScale': 1, 'interpolator': 'sitkBSpline', 'additionalInfo': True}",{'Original':,{}},3D,"(640, 540, 1)",150.18421875,0,603,332ec9f959d59b560402d15502e70f0b580513e9,1716,4.46621450343917,217,180.755827505828,182,121,-0.75388957622914,208.943293546003,0.262935300007394,0.687937898027956,0.869078798083735,0.313508230241443,2.33149190366931
/home/ale/Desktop/Datos,procesados/24/Segment,24,out/24out.nrrd,/home/ale/Desktop/Datos,procesados/24/Segment,24,out/24LabelMapVolume_8out.nrrd,"{'normalize': False, 'normalizeScale': 1, 'interpolator': 'sitkBSpline', 'additionalInfo': True}",{'Original':,{}},3D,"(640, 540, 1)",150.18421875,0,603,db741f3681776934ef308beb860ae6fa4e680a1e,1716,3.95449752848698,210,181.004662004662,182,132,-0.625299019278406,134.273871039605,0.194680827040421,0.655240917800121,0.902841735842267,0.416402731534292,1.86782338985591
/home/ale/Desktop/Datos,procesados/24/Segment,24,out/24out.nrrd,/home/ale/Desktop/Datos,procesados/24/Segment,24,out/24LabelMapVolume_all_out.nrrd,"{'normalize': False, 'normalizeScale': 1, 'interpolator': 'sitkBSpline', 'additionalInfo': True}",{'Original':,{}},3D,"(640, 540, 1)",150.18421875,0,603,0e005c1deca9cec7a0ce9b774abc4d78c76c0de6,68493,3.23938475728879,249,154.066517746339,154,24,-0.260227410356898,745.408595698067,0.251180490616321,0.900687370676772,0.8762977645804,0.153999888114662,3.22009960191637
