Image,Mask,diagnostics_Configuration_Settings,diagnostics_Configuration_EnabledImageTypes,diagnostics_Image-original_Dimensionality,diagnostics_Image-original_Size,diagnostics_Image-original_Mean,diagnostics_Image-original_Minimum,diagnostics_Image-original_Maximum,diagnostics_Mask-original_Hash,diagnostics_Mask-original_VoxelNum,original_firstorder_Kurtosis,original_firstorder_Maximum,original_firstorder_Mean,original_firstorder_Median,original_firstorder_Minimum,original_firstorder_Skewness,original_firstorder_Variance,original_glcm_Contrast,original_glcm_Correlation,original_glcm_Idm,original_glcm_JointEnergy,original_glcm_JointEntropy
/home/ale/Desktop/Datos procesados/23/Segment 23 in/23in.nrrd,/home/ale/Desktop/Datos procesados/23/Segment 23 in/23LabelMapVolume_1in.nrrd,"{'normalize': False, 'normalizeScale': 1, 'interpolator': 'sitkBSpline', 'additionalInfo': True}",{'Original': {}},3D,"(480, 480, 1)",370.972140443758,0,2267.37582417582,9ea12e81edb5a92f0a09909efccdce97f6ffc5b7,501,4.04046357849324,876.630769230769,687.472286196837,692.076923076923,395.472527472527,-0.596026030699958,5609.69901236013,8.18856170120303,0.545644268511593,0.370678149650219,0.015534649980612,6.60562363799572
/home/ale/Desktop/Datos procesados/23/Segment 23 in/23in.nrrd,/home/ale/Desktop/Datos procesados/23/Segment 23 in/23LabelMapVolume_2in.nrrd,"{'normalize': False, 'normalizeScale': 1, 'interpolator': 'sitkBSpline', 'additionalInfo': True}",{'Original': {}},3D,"(480, 480, 1)",370.972140443758,0,2267.37582417582,53cac4b660e71cf26fca6bd5928d5d89ba634328,502,5.22844058094922,883.221978021978,715.776388949696,718.441758241758,415.246153846154,-0.90651996563202,4663.64864083192,5.65895868704018,0.625997422154132,0.422889657158319,0.020399858180969,6.2012698139195
/home/ale/Desktop/Datos procesados/23/Segment 23 in/23in.nrrd,/home/ale/Desktop/Datos procesados/23/Segment 23 in/23LabelMapVolume_4in.nrrd,"{'normalize': False, 'normalizeScale': 1, 'interpolator': 'sitkBSpline', 'additionalInfo': True}",{'Original': {}},3D,"(480, 480, 1)",370.972140443758,0,2267.37582417582,e124eda1896b9aa5077d6db9f4d03d9f8b37fcd8,500,3.4114112735424,889.813186813187,643.262430769231,659.120879120879,250.465934065934,-0.620523519737995,10915.1032786435,11.3032068639583,0.684383999812475,0.334120714791816,0.008660186628783,7.2752033755119
/home/ale/Desktop/Datos procesados/23/Segment 23 in/23in.nrrd,/home/ale/Desktop/Datos procesados/23/Segment 23 in/23LabelMapVolume_5in.nrrd,"{'normalize': False, 'normalizeScale': 1, 'interpolator': 'sitkBSpline', 'additionalInfo': True}",{'Original': {}},3D,"(480, 480, 1)",370.972140443758,0,2267.37582417582,421377787482d50ea6d3556d3258d7a96fddecee,502,2.58523478235419,1008.45494505495,661.103493717438,678.894505494505,349.334065934066,-0.214552547080555,13853.0715753286,12.962828679859,0.708524377690149,0.300707222021376,0.006970493018574,7.55843569174406
/home/ale/Desktop/Datos procesados/23/Segment 23 in/23in.nrrd,/home/ale/Desktop/Datos procesados/23/Segment 23 in/23LabelMapVolume_6in.nrrd,"{'normalize': False, 'normalizeScale': 1, 'interpolator': 'sitkBSpline', 'additionalInfo': True}",{'Original': {}},3D,"(480, 480, 1)",370.972140443758,0,2267.37582417582,e97b614efba11985a035a1b31b83af2c78b9190d,502,3.01354250864569,837.083516483516,627.963631189527,626.164835164835,421.837362637363,0.077467657833999,5580.53420226451,10.6401623204899,0.390237454587963,0.319069003344137,0.011994090805272,6.82267558591714
/home/ale/Desktop/Datos procesados/23/Segment 23 in/23in.nrrd,/home/ale/Desktop/Datos procesados/23/Segment 23 in/23LabelMapVolume_7in.nrrd,"{'normalize': False, 'normalizeScale': 1, 'interpolator': 'sitkBSpline', 'additionalInfo': True}",{'Original': {}},3D,"(480, 480, 1)",370.972140443758,0,2267.37582417582,8c0214231aba7dbc81cfa295242196c97642d914,502,3.33672299124053,955.725274725275,673.931404054113,672.303296703297,375.698901098901,-0.07229768241543,8550.63131838416,18.8339105829089,0.326382386757309,0.267905783485996,0.008389092809794,7.37658525135917
/home/ale/Desktop/Datos procesados/23/Segment 23 in/23in.nrrd,/home/ale/Desktop/Datos procesados/23/Segment 23 in/23LabelMapVolume_8in.nrrd,"{'normalize': False, 'normalizeScale': 1, 'interpolator': 'sitkBSpline', 'additionalInfo': True}",{'Original': {}},3D,"(480, 480, 1)",370.972140443758,0,2267.37582417582,74d5ce8a46a72a429882cc7f5379d8eb823a48ee,502,2.59243406161833,929.360439560439,617.787960246924,632.756043956044,263.648351648352,-0.323789217630852,16575.8160836596,16.5245222282461,0.699628499633851,0.259908847448119,0.005570418586422,7.84480122367247
/home/ale/Desktop/Datos procesados/23/Segment 23 in/23in.nrrd,/home/ale/Desktop/Datos procesados/23/Segment 23 in/23LabelMapVolume_all_in.nrrd,"{'normalize': False, 'normalizeScale': 1, 'interpolator': 'sitkBSpline', 'additionalInfo': True}",{'Original': {}},3D,"(480, 480, 1)",370.972140443758,0,2267.37582417582,5d1dc3f99198ebdf4fbffb9dbe5800713cc0bf97,23020,4.56464075845081,1021.63736263736,669.598095110797,685.485714285714,85.6857142857143,-0.92792007894265,12809.0189667997,11.1526914971445,0.729971580431012,0.348404312099436,0.007858798395621,7.68195779901143
