Image,Mask,diagnostics_Configuration_Settings,diagnostics_Configuration_EnabledImageTypes,diagnostics_Image-original_Dimensionality,diagnostics_Image-original_Size,diagnostics_Image-original_Mean,diagnostics_Image-original_Minimum,diagnostics_Image-original_Maximum,diagnostics_Mask-original_Hash,diagnostics_Mask-original_VoxelNum,original_firstorder_Kurtosis,original_firstorder_Maximum,original_firstorder_Mean,original_firstorder_Median,original_firstorder_Minimum,original_firstorder_Skewness,original_firstorder_Variance,original_glcm_Contrast,original_glcm_Correlation,original_glcm_Idm,original_glcm_JointEnergy,original_glcm_JointEntropy
/home/ale/Desktop/Datos procesados/5/Segment 5 out/5out.nrrd,/home/ale/Desktop/Datos procesados/5/Segment 5 out/5LabelMapVolume_1out.nrrd,"{'normalize': False, 'normalizeScale': 1, 'interpolator': 'sitkBSpline', 'additionalInfo': True}",{'Original': {}},3D,"(512, 512, 1)",147.351676940918,0,1632,24f2417e812150dfbcdce8786943303134b4078e,991,3.79119482973767,405,308.242179616549,310,154,-0.508221883528913,1535.75567799397,0.521794034281899,0.897658511053043,0.777943505530915,0.080995863277158,4.13616622164263
/home/ale/Desktop/Datos procesados/5/Segment 5 out/5out.nrrd,/home/ale/Desktop/Datos procesados/5/Segment 5 out/5LabelMapVolume_2out.nrrd,"{'normalize': False, 'normalizeScale': 1, 'interpolator': 'sitkBSpline', 'additionalInfo': True}",{'Original': {}},3D,"(512, 512, 1)",147.351676940918,0,1632,eec844724d16e8764cd1f4c6487010de7cb454c0,990,3.11071978322831,342,287.887878787879,289,211,-0.457129686310379,552.234903581267,0.309023706583697,0.838252228270741,0.848686440951222,0.170661378731632,3.10605337815543
/home/ale/Desktop/Datos procesados/5/Segment 5 out/5out.nrrd,/home/ale/Desktop/Datos procesados/5/Segment 5 out/5LabelMapVolume_3out.nrrd,"{'normalize': False, 'normalizeScale': 1, 'interpolator': 'sitkBSpline', 'additionalInfo': True}",{'Original': {}},3D,"(512, 512, 1)",147.351676940918,0,1632,59e44403501989bd86f1246701c7ec02d7ff3efd,990,2.20023586008551,282,207.442424242424,213,104,-0.451539180642243,1958.78809917355,0.468416640045087,0.927998130385276,0.796082303795975,0.076155071177356,4.10620851614577
/home/ale/Desktop/Datos procesados/5/Segment 5 out/5out.nrrd,/home/ale/Desktop/Datos procesados/5/Segment 5 out/5LabelMapVolume_4out.nrrd,"{'normalize': False, 'normalizeScale': 1, 'interpolator': 'sitkBSpline', 'additionalInfo': True}",{'Original': {}},3D,"(512, 512, 1)",147.351676940918,0,1632,26569588415540e0270b6d1276d0b8eff8b60cde,996,4.74901514147181,383,307.215863453815,318,134,-1.28360280329534,1850.65521019822,0.567865460695997,0.908314799351439,0.784216936353352,0.105808559859977,4.04289549948342
/home/ale/Desktop/Datos procesados/5/Segment 5 out/5out.nrrd,/home/ale/Desktop/Datos procesados/5/Segment 5 out/5LabelMapVolume_5out.nrrd,"{'normalize': False, 'normalizeScale': 1, 'interpolator': 'sitkBSpline', 'additionalInfo': True}",{'Original': {}},3D,"(512, 512, 1)",147.351676940918,0,1632,7b81e3b51846a2de6987e0f2ab25003ec2c657fb,992,2.68602752937065,376,288.870967741935,294,179,-0.318456891356057,1645.67891519251,0.556417978245745,0.895142943732144,0.769222760464157,0.072738615942005,4.22780965546582
/home/ale/Desktop/Datos procesados/5/Segment 5 out/5out.nrrd,/home/ale/Desktop/Datos procesados/5/Segment 5 out/5LabelMapVolume_6out.nrrd,"{'normalize': False, 'normalizeScale': 1, 'interpolator': 'sitkBSpline', 'additionalInfo': True}",{'Original': {}},3D,"(512, 512, 1)",147.351676940918,0,1632,a84e858d13fef6b07fe0ae0fecedf7d4ed93a7e5,992,2.73266996588708,300,204.077620967742,215,88,-0.689653888323599,1774.30949917892,0.599611093454661,0.898306158258568,0.762935700784504,0.089717366871146,4.15834577421611
/home/ale/Desktop/Datos procesados/5/Segment 5 out/5out.nrrd,/home/ale/Desktop/Datos procesados/5/Segment 5 out/5LabelMapVolume_7out.nrrd,"{'normalize': False, 'normalizeScale': 1, 'interpolator': 'sitkBSpline', 'additionalInfo': True}",{'Original': {}},3D,"(512, 512, 1)",147.351676940918,0,1632,caffd674ce1b0f5ce18d537b6aa61422d352a08b,991,2.33715242444506,384,306.791120080727,310,204,-0.252540049850158,1309.48714617226,0.498239746482557,0.887107186483468,0.785942822475691,0.082840224513099,4.0273211394352
/home/ale/Desktop/Datos procesados/5/Segment 5 out/5out.nrrd,/home/ale/Desktop/Datos procesados/5/Segment 5 out/5LabelMapVolume_8out.nrrd,"{'normalize': False, 'normalizeScale': 1, 'interpolator': 'sitkBSpline', 'additionalInfo': True}",{'Original': {}},3D,"(512, 512, 1)",147.351676940918,0,1632,509321b3f7ad61d5479ad0036508d23a51c79bad,991,3.40960135541575,350,239.747729566095,235,135,0.4738455486906,1154.59226275633,0.5880577485486,0.85035102989653,0.768037324832636,0.097888592297747,3.99329346577435
/home/ale/Desktop/Datos procesados/5/Segment 5 out/5out.nrrd,/home/ale/Desktop/Datos procesados/5/Segment 5 out/5LabelMapVolume_all_out.nrrd,"{'normalize': False, 'normalizeScale': 1, 'interpolator': 'sitkBSpline', 'additionalInfo': True}",{'Original': {}},3D,"(512, 512, 1)",147.351676940918,0,1632,27ae874763c8738cf99fb4b519eacbf16de85c44,28063,2.78131311128238,539,296.817268289206,296,88,0.057010122761572,4587.50913843093,0.452618219750287,0.96907427952992,0.807573905128861,0.049089736662471,4.89542644875818
