Image,Mask,diagnostics_Configuration_Settings,diagnostics_Configuration_EnabledImageTypes,diagnostics_Image-original_Dimensionality,diagnostics_Image-original_Size,diagnostics_Image-original_Mean,diagnostics_Image-original_Minimum,diagnostics_Image-original_Maximum,diagnostics_Mask-original_Hash,diagnostics_Mask-original_VoxelNum,original_firstorder_Kurtosis,original_firstorder_Maximum,original_firstorder_Mean,original_firstorder_Median,original_firstorder_Minimum,original_firstorder_Skewness,original_firstorder_Variance,original_glcm_Contrast,original_glcm_Correlation,original_glcm_Idm,original_glcm_JointEnergy,original_glcm_JointEntropy
/home/ale/Desktop/Datos procesados/10/Segment 10 out/10out.nrrd,/home/ale/Desktop/Datos procesados/10/Segment 10 out/10LabelMapVolume_1out.nrrd,"{'normalize': False, 'normalizeScale': 1, 'interpolator': 'sitkBSpline', 'additionalInfo': True}",{'Original': {}},3D,"(512, 512, 1)",88.0998878479004,0,1055,33ca72d6c104b020f4ab8f498f40cf14779e3d0c,991,2.81982192120392,145,110.656912209889,111,81,-0.049960211215936,117.371695410053,0.232299653874554,0.528432405915681,0.884809320729228,0.426696498663683,1.87273673092021
/home/ale/Desktop/Datos procesados/10/Segment 10 out/10out.nrrd,/home/ale/Desktop/Datos procesados/10/Segment 10 out/10LabelMapVolume_2out.nrrd,"{'normalize': False, 'normalizeScale': 1, 'interpolator': 'sitkBSpline', 'additionalInfo': True}",{'Original': {}},3D,"(512, 512, 1)",88.0998878479004,0,1055,b124575d135a5b5881af06b82bf183eae86ccbe8,992,2.62791035977468,187,145.362903225806,145,107,0.122178283753601,186.027575442248,0.248211308677495,0.656421456134916,0.876852812114927,0.297452871373169,2.22363994237351
/home/ale/Desktop/Datos procesados/10/Segment 10 out/10out.nrrd,/home/ale/Desktop/Datos procesados/10/Segment 10 out/10LabelMapVolume_3out.nrrd,"{'normalize': False, 'normalizeScale': 1, 'interpolator': 'sitkBSpline', 'additionalInfo': True}",{'Original': {}},3D,"(512, 512, 1)",88.0998878479004,0,1055,47c09f3341cbb3d4e3b1c9eb960ec536b694eabb,991,2.53253069931521,179,131.456104944501,134,74,-0.335635524452638,447.222846180712,0.265137263379535,0.832001559889051,0.867431368310233,0.18890598762368,2.85044266549959
/home/ale/Desktop/Datos procesados/10/Segment 10 out/10out.nrrd,/home/ale/Desktop/Datos procesados/10/Segment 10 out/10LabelMapVolume_4out.nrrd,"{'normalize': False, 'normalizeScale': 1, 'interpolator': 'sitkBSpline', 'additionalInfo': True}",{'Original': {}},3D,"(512, 512, 1)",88.0998878479004,0,1055,2a3180220aee91e6f49beb984669e975fa281303,990,3.0263239187964,133,102.238383838384,102,74,-0.052209509376492,78.989637792062,0.244945838979904,0.495409928441323,0.877527080510048,0.344201184773185,1.7992775544041
/home/ale/Desktop/Datos procesados/10/Segment 10 out/10out.nrrd,/home/ale/Desktop/Datos procesados/10/Segment 10 out/10LabelMapVolume_5out.nrrd,"{'normalize': False, 'normalizeScale': 1, 'interpolator': 'sitkBSpline', 'additionalInfo': True}",{'Original': {}},3D,"(512, 512, 1)",88.0998878479004,0,1055,82ae8894290f977128d38d7bdc844e4c2264beba,990,2.61668858252612,130,104.506060606061,106,71,-0.36556285413057,132.522690541781,0.212389500226468,0.6147740053553,0.894125079311073,0.364203995999659,1.89946100278918
/home/ale/Desktop/Datos procesados/10/Segment 10 out/10out.nrrd,/home/ale/Desktop/Datos procesados/10/Segment 10 out/10LabelMapVolume_6out.nrrd,"{'normalize': False, 'normalizeScale': 1, 'interpolator': 'sitkBSpline', 'additionalInfo': True}",{'Original': {}},3D,"(512, 512, 1)",88.0998878479004,0,1055,7244eebcc48af55d2a5013abcac43ee5af3367be,992,2.92221687528644,158,115.84375,114,76,0.439940261790628,207.654013356855,0.227871356963239,0.713203670162877,0.886703299154163,0.324964040452629,2.24809202557908
/home/ale/Desktop/Datos procesados/10/Segment 10 out/10out.nrrd,/home/ale/Desktop/Datos procesados/10/Segment 10 out/10LabelMapVolume_7out.nrrd,"{'normalize': False, 'normalizeScale': 1, 'interpolator': 'sitkBSpline', 'additionalInfo': True}",{'Original': {}},3D,"(512, 512, 1)",88.0998878479004,0,1055,b1c5824db733f71dfcce14a3651b9843af862539,990,3.67572570746379,155,122.065656565657,122,79,0.001718507828936,124.651244770942,0.240941510000501,0.600028485556421,0.879849074424056,0.31780612099371,2.02679219744337
/home/ale/Desktop/Datos procesados/10/Segment 10 out/10out.nrrd,/home/ale/Desktop/Datos procesados/10/Segment 10 out/10LabelMapVolume_8out.nrrd,"{'normalize': False, 'normalizeScale': 1, 'interpolator': 'sitkBSpline', 'additionalInfo': True}",{'Original': {}},3D,"(512, 512, 1)",88.0998878479004,0,1055,750f94b7a43259de4a8522cdf0f3621433eff56b,988,2.7225968040356,175,132.923076923077,133,96,0.002286257783757,139.496107131735,0.226352513016343,0.634367592753303,0.886823743491828,0.352207395310351,2.04492081018803
/home/ale/Desktop/Datos procesados/10/Segment 10 out/10out.nrrd,/home/ale/Desktop/Datos procesados/10/Segment 10 out/10LabelMapVolume_all_out.nrrd,"{'normalize': False, 'normalizeScale': 1, 'interpolator': 'sitkBSpline', 'additionalInfo': True}",{'Original': {}},3D,"(512, 512, 1)",88.0998878479004,0,1055,4e4074dcc06648ff05201705bb21e0eb2b02fd7c,35597,2.91302164074498,247,126.827850661573,120,36,0.634154448207114,837.351323674863,0.263552069883825,0.906578045875626,0.872396288374192,0.164437004383618,3.23892794922004
