Image,Mask,diagnostics_Configuration_Settings,diagnostics_Configuration_EnabledImageTypes,diagnostics_Image-original_Dimensionality,diagnostics_Image-original_Size,diagnostics_Image-original_Mean,diagnostics_Image-original_Minimum,diagnostics_Image-original_Maximum,diagnostics_Mask-original_Hash,diagnostics_Mask-original_VoxelNum,original_firstorder_Kurtosis,original_firstorder_Maximum,original_firstorder_Mean,original_firstorder_Median,original_firstorder_Minimum,original_firstorder_Skewness,original_firstorder_Variance,original_glcm_Contrast,original_glcm_Correlation,original_glcm_Idm,original_glcm_JointEnergy,original_glcm_JointEntropy
/home/ale/Desktop/Datos procesados/1/Segment 1 in/1in.nrrd,/home/ale/Desktop/Datos procesados/1/Segment 1 in/LabelMapVolume_1in.nrrd,"{'normalize': False, 'normalizeScale': 1, 'interpolator': 'sitkBSpline', 'additionalInfo': True}",{'Original': {}},3D,"(512, 512, 1)",214.857524871826,0,1384,148e870db151e80698be67c7b91c47dd0e8618e1,1099,5.33023694054982,263,212.468607825296,214,128,-0.994922739912892,328.491052747928,0.398273553161431,0.668027961439843,0.829135667642571,0.24048538717645,2.75096347182771
/home/ale/Desktop/Datos procesados/1/Segment 1 in/1in.nrrd,/home/ale/Desktop/Datos procesados/1/Segment 1 in/LabelMapVolume_2in.nrrd,"{'normalize': False, 'normalizeScale': 1, 'interpolator': 'sitkBSpline', 'additionalInfo': True}",{'Original': {}},3D,"(512, 512, 1)",214.857524871826,0,1384,e5a98865c0e48a61fd420dacd293c5517a92c8f6,1098,2.8011235079273,279,212.650273224044,215,131,-0.30367614522045,859.045268595658,0.306176215778235,0.893820479572437,0.848926143044352,0.139735882163818,3.38602493994793
/home/ale/Desktop/Datos procesados/1/Segment 1 in/1in.nrrd,/home/ale/Desktop/Datos procesados/1/Segment 1 in/LabelMapVolume_3in.nrrd,"{'normalize': False, 'normalizeScale': 1, 'interpolator': 'sitkBSpline', 'additionalInfo': True}",{'Original': {}},3D,"(512, 512, 1)",214.857524871826,0,1384,492ab096325884bf290e2e15ec6459174e7b95bd,1096,4.93052141182418,206,165.032846715328,168,100,-1.20509159027911,329.590161969205,0.316193357126044,0.746895260192213,0.845357172393548,0.225118370106661,2.64942674737005
/home/ale/Desktop/Datos procesados/1/Segment 1 in/1in.nrrd,/home/ale/Desktop/Datos procesados/1/Segment 1 in/LabelMapVolume_4in.nrrd,"{'normalize': False, 'normalizeScale': 1, 'interpolator': 'sitkBSpline', 'additionalInfo': True}",{'Original': {}},3D,"(512, 512, 1)",214.857524871826,0,1384,3b01ece8590ff098ea81bf7c4f993f4c3bdaeb7e,1096,2.677243409752,243,204.253649635036,205,172,0.022607098143378,139.45208522031,0.257024263955869,0.563771036174518,0.871487868022065,0.322909672083626,2.04702546118224
/home/ale/Desktop/Datos procesados/1/Segment 1 in/1in.nrrd,/home/ale/Desktop/Datos procesados/1/Segment 1 in/LabelMapVolume_5in.nrrd,"{'normalize': False, 'normalizeScale': 1, 'interpolator': 'sitkBSpline', 'additionalInfo': True}",{'Original': {}},3D,"(512, 512, 1)",214.857524871826,0,1384,13f0ea2c34c1182b90b689135bf374db0ece2ac5,1097,2.85961059229724,272,224.693710118505,225,175,0.078487073915221,254.210653235932,0.282771013151496,0.714296866750106,0.860337854909787,0.233537429982047,2.55489516650303
/home/ale/Desktop/Datos procesados/1/Segment 1 in/1in.nrrd,/home/ale/Desktop/Datos procesados/1/Segment 1 in/LabelMapVolume_6in.nrrd,"{'normalize': False, 'normalizeScale': 1, 'interpolator': 'sitkBSpline', 'additionalInfo': True}",{'Original': {}},3D,"(512, 512, 1)",214.857524871826,0,1384,dbf96a71fe651d428f982e8c2e25a2069ff696cb,1099,3.04222214516235,217,177.07279344859,177,124,-0.228533922046174,210.322271632496,0.232990797153749,0.716489595861913,0.883504601423125,0.286832260315313,2.2978703459355
/home/ale/Desktop/Datos procesados/1/Segment 1 in/1in.nrrd,/home/ale/Desktop/Datos procesados/1/Segment 1 in/LabelMapVolume_7in.nrrd,"{'normalize': False, 'normalizeScale': 1, 'interpolator': 'sitkBSpline', 'additionalInfo': True}",{'Original': {}},3D,"(512, 512, 1)",214.857524871826,0,1384,6a3207d2d3150bdbe7da7eb8b5f6102f6cd082c1,1099,6.39293283817609,268,218.238398544131,221,104,-1.28560941424499,487.954085151445,0.319302790897562,0.810323093860426,0.855267091309316,0.222948303338359,2.86628934631894
/home/ale/Desktop/Datos procesados/1/Segment 1 in/1in.nrrd,/home/ale/Desktop/Datos procesados/1/Segment 1 in/LabelMapVolume_8in.nrrd,"{'normalize': False, 'normalizeScale': 1, 'interpolator': 'sitkBSpline', 'additionalInfo': True}",{'Original': {}},3D,"(512, 512, 1)",214.857524871826,0,1384,cfcbee3040161faa898659efd59d980e4b3925a7,1099,2.47874655591305,285,211.818016378526,212,112,-0.18538787884102,1422.39272363576,0.524315204883011,0.889953849665194,0.778817318300153,0.077541022160841,4.11815320891986
/home/ale/Desktop/Datos procesados/1/Segment 1 in/1in.nrrd,/home/ale/Desktop/Datos procesados/1/Segment 1 in/LabelMapVolume_all_in.nrrd,"{'normalize': False, 'normalizeScale': 1, 'interpolator': 'sitkBSpline', 'additionalInfo': True}",{'Original': {}},3D,"(512, 512, 1)",214.857524871826,0,1384,7895e12889634e9b6604e2d568c1766de4c27e90,27566,3.44057993921005,410,221.680004353189,219,60,0.343716962185783,1856.82124060072,0.368864933199635,0.938663759750012,0.833064599356611,0.090107263604529,4.09764767129038
