"columnName","longName","Plugin","name","description","unitLabel","DICOM.QuantityCode","DICOM.UnitsCode","DICOM.MeasurementMethodCode","DICOM.DerivationCode","type","componentNames"
"Segment","Segment","","","","","","","","","string",""
"Number of voxels [voxels] (1)","Number of voxels [voxels]<br>Computed by Labelmap Statistics plugin","Labelmap","Voxel count","Number of voxels","voxels","CodeValue:nvoxels|CodingSchemeDesignator:99QIICR|CodeMeaning:Number of voxels","CodeValue:voxels|CodingSchemeDesignator:UCUM|CodeMeaning:voxels","","","long",""
"Volume [mm3] (1)","Volume [mm3]<br>Computed by Labelmap Statistics plugin","Labelmap","Volume mm3","Volume in mm3","mm3","CodeValue:118565006|CodingSchemeDesignator:SCT|CodeMeaning:Volume","CodeValue:mm3|CodingSchemeDesignator:UCUM|CodeMeaning:cubic millimeter","","","double",""
"Volume [cm3] (1)","Volume [cm3]<br>Computed by Labelmap Statistics plugin","Labelmap","Volume cm3","Volume in cm3","cm3","CodeValue:118565006|CodingSchemeDesignator:SCT|CodeMeaning:Volume","CodeValue:cm3|CodingSchemeDesignator:UCUM|CodeMeaning:cubic centimeter","CodeValue:126030|CodingSchemeDesignator:DCM|CodeMeaning:Sum of segmented voxel volumes","","double",""
"Number of voxels [voxels] (2)","Number of voxels [voxels]<br>Computed by Scalar Volume Statistics plugin","Scalar Volume","Voxel count","Number of voxels","voxels","CodeValue:nvoxels|CodingSchemeDesignator:99QIICR|CodeMeaning:Number of voxels","CodeValue:voxels|CodingSchemeDesignator:UCUM|CodeMeaning:voxels","","","long",""
"Volume [mm3] (2)","Volume [mm3]<br>Computed by Scalar Volume Statistics plugin","Scalar Volume","Volume mm3","Volume in mm3","mm3","CodeValue:118565006|CodingSchemeDesignator:SCT|CodeMeaning:Volume","CodeValue:mm3|CodingSchemeDesignator:UCUM|CodeMeaning:cubic millimeter","","","double",""
"Volume [cm3] (2)","Volume [cm3]<br>Computed by Scalar Volume Statistics plugin","Scalar Volume","Volume cm3","Volume in cm3","cm3","CodeValue:118565006|CodingSchemeDesignator:SCT|CodeMeaning:Volume","CodeValue:cm3|CodingSchemeDesignator:UCUM|CodeMeaning:cubic centimeter","CodeValue:126030|CodingSchemeDesignator:DCM|CodeMeaning:Sum of segmented voxel volumes","","double",""
"Minimum","Minimum<br>Computed by Scalar Volume Statistics plugin","Scalar Volume","Minimum","Minimum scalar value","","CodeValue:|CodingSchemeDesignator:|CodeMeaning:","CodeValue:|CodingSchemeDesignator:|CodeMeaning:","","CodeValue:255605001|CodingSchemeDesignator:SCT|CodeMeaning:Minimum","double",""
"Maximum","Maximum<br>Computed by Scalar Volume Statistics plugin","Scalar Volume","Maximum","Maximum scalar value","","CodeValue:|CodingSchemeDesignator:|CodeMeaning:","CodeValue:|CodingSchemeDesignator:|CodeMeaning:","","CodeValue:56851009|CodingSchemeDesignator:SCT|CodeMeaning:Maximum","double",""
"Mean","Mean<br>Computed by Scalar Volume Statistics plugin","Scalar Volume","Mean","Mean scalar value","","CodeValue:|CodingSchemeDesignator:|CodeMeaning:","CodeValue:|CodingSchemeDesignator:|CodeMeaning:","","CodeValue:373098007|CodingSchemeDesignator:SCT|CodeMeaning:Mean","double",""
"Median","Median<br>Computed by Scalar Volume Statistics plugin","Scalar Volume","Median","Median scalar value","","CodeValue:|CodingSchemeDesignator:|CodeMeaning:","CodeValue:|CodingSchemeDesignator:|CodeMeaning:","","CodeValue:median|CodingSchemeDesignator:SCT|CodeMeaning:Median","double",""
"Standard Deviation","Standard Deviation<br>Computed by Scalar Volume Statistics plugin","Scalar Volume","Standard deviation","Standard deviation of scalar values","","CodeValue:|CodingSchemeDesignator:|CodeMeaning:","CodeValue:|CodingSchemeDesignator:|CodeMeaning:","","CodeValue:386136009|CodingSchemeDesignator:SCT|CodeMeaning:Standard Deviation","double",""
