Image,Mask,diagnostics_Configuration_Settings,diagnostics_Configuration_EnabledImageTypes,diagnostics_Image-original_Dimensionality,diagnostics_Image-original_Size,diagnostics_Image-original_Mean,diagnostics_Image-original_Minimum,diagnostics_Image-original_Maximum,diagnostics_Mask-original_Hash,diagnostics_Mask-original_VoxelNum,original_firstorder_Kurtosis,original_firstorder_Maximum,original_firstorder_Mean,original_firstorder_Median,original_firstorder_Minimum,original_firstorder_Skewness,original_firstorder_Variance,original_glcm_Contrast,original_glcm_Correlation,original_glcm_Idm,original_glcm_JointEnergy,original_glcm_JointEntropy
/home/ale/Desktop/Datos procesados/22/Segment 22 in/22in.nrrd,/home/ale/Desktop/Datos procesados/22/Segment 22 in/22LabelMapVolume_1in.nrrd,"{'normalize': False, 'normalizeScale': 1, 'interpolator': 'sitkBSpline', 'additionalInfo': True}",{'Original': {}},3D,"(512, 320, 1)",166.511206054688,0,647,c54d633e53cd0f83fae80df55b691128f2791ac7,1294,4.77655089432686,242,222.75656877898,226,174,-1.41094485628329,143.425285290092,0.190881623438155,0.75938319338488,0.904559188280922,0.327923518045547,2.02479114297247
/home/ale/Desktop/Datos procesados/22/Segment 22 in/22in.nrrd,/home/ale/Desktop/Datos procesados/22/Segment 22 in/22LabelMapVolume_2in.nrrd,"{'normalize': False, 'normalizeScale': 1, 'interpolator': 'sitkBSpline', 'additionalInfo': True}",{'Original': {}},3D,"(512, 320, 1)",166.511206054688,0,647,64f82b96bf542831c46d6d81769145d35da46f4b,1295,8.71953467268978,241,212.236293436293,215,126,-1.88077542301801,255.695516763316,0.21860941521905,0.771306499795672,0.89384659039464,0.367490310654556,2.19408576657136
/home/ale/Desktop/Datos procesados/22/Segment 22 in/22in.nrrd,/home/ale/Desktop/Datos procesados/22/Segment 22 in/22LabelMapVolume_3in.nrrd,"{'normalize': False, 'normalizeScale': 1, 'interpolator': 'sitkBSpline', 'additionalInfo': True}",{'Original': {}},3D,"(512, 320, 1)",166.511206054688,0,647,d2fd3bd3c04ef0e9273304b49e013388c6c02a94,1294,5.08360215358222,168,130.124420401855,129,114,1.20710862783034,58.6869925156889,0.154042996359795,0.618056243861242,0.922978501820102,0.497820412945053,1.50898685916776
/home/ale/Desktop/Datos procesados/22/Segment 22 in/22in.nrrd,/home/ale/Desktop/Datos procesados/22/Segment 22 in/22LabelMapVolume_4in.nrrd,"{'normalize': False, 'normalizeScale': 1, 'interpolator': 'sitkBSpline', 'additionalInfo': True}",{'Original': {}},3D,"(512, 320, 1)",166.511206054688,0,647,1341a6dcced9039e174774273bbcb7bcb8ccb97a,1294,2.67917533276704,177,141.443585780525,141,111,0.209681168847015,122.954699970617,0.132907688896444,0.713875711455079,0.933546155551778,0.487005525406598,1.58645407124815
/home/ale/Desktop/Datos procesados/22/Segment 22 in/22in.nrrd,/home/ale/Desktop/Datos procesados/22/Segment 22 in/22LabelMapVolume_5in.nrrd,"{'normalize': False, 'normalizeScale': 1, 'interpolator': 'sitkBSpline', 'additionalInfo': True}",{'Original': {}},3D,"(512, 320, 1)",166.511206054688,0,647,c24fe7f39d77a68f3f4de2bd06a5180e151168b9,1296,3.31040114717149,260,235.945216049383,237,192,-0.69581421132866,162.476165385421,0.181449614278979,0.706550185915484,0.90927519286051,0.411514206998243,1.94063539549632
/home/ale/Desktop/Datos procesados/22/Segment 22 in/22in.nrrd,/home/ale/Desktop/Datos procesados/22/Segment 22 in/22LabelMapVolume_6in.nrrd,"{'normalize': False, 'normalizeScale': 1, 'interpolator': 'sitkBSpline', 'additionalInfo': True}",{'Original': {}},3D,"(512, 320, 1)",166.511206054688,0,647,7db02cac8f8a38049251b0264278e767cfe5ca5b,1295,4.67086630700097,273,245.66332046332,252,162,-1.33437434072177,369.968500171434,0.182618992755837,0.86678936474696,0.909906062779294,0.316981707510457,2.26523319412756
/home/ale/Desktop/Datos procesados/22/Segment 22 in/22in.nrrd,/home/ale/Desktop/Datos procesados/22/Segment 22 in/22LabelMapVolume_7in.nrrd,"{'normalize': False, 'normalizeScale': 1, 'interpolator': 'sitkBSpline', 'additionalInfo': True}",{'Original': {}},3D,"(512, 320, 1)",166.511206054688,0,647,d5d90efc13792088c600fb156a4c50e823f682be,1295,6.78677177377229,277,235.837065637066,245,116,-1.98668438081431,902.409745829669,0.309384706077689,0.897671218557695,0.85209918006101,0.205525253161176,2.97986371779455
/home/ale/Desktop/Datos procesados/22/Segment 22 in/22in.nrrd,/home/ale/Desktop/Datos procesados/22/Segment 22 in/22LabelMapVolume_8in.nrrd,"{'normalize': False, 'normalizeScale': 1, 'interpolator': 'sitkBSpline', 'additionalInfo': True}",{'Original': {}},3D,"(512, 320, 1)",166.511206054688,0,647,97ffb1aed98f9942aaa8e40c796c649404648683,1296,5.30055372371461,263,223.259259259259,227,138,-1.2941308889773,388.622599451303,0.229728136638047,0.83859732539666,0.887799444991729,0.268556468303866,2.5775829388361
/home/ale/Desktop/Datos procesados/22/Segment 22 in/22in.nrrd,/home/ale/Desktop/Datos procesados/22/Segment 22 in/22LabelMapVolume_all_in.nrrd,"{'normalize': False, 'normalizeScale': 1, 'interpolator': 'sitkBSpline', 'additionalInfo': True}",{'Original': {}},3D,"(512, 320, 1)",166.511206054688,0,647,419f0678b5108136e5c7b88fc423774c567d384d,41048,2.0343151964283,279,202.650433638667,216,93,-0.539937767530626,1793.06570532745,0.194035015109045,0.967179931981209,0.904562830787887,0.127261876855355,3.43740778354084
