Image,Mask,diagnostics_Configuration_Settings,diagnostics_Configuration_EnabledImageTypes,diagnostics_Image-original_Dimensionality,diagnostics_Image-original_Size,diagnostics_Image-original_Mean,diagnostics_Image-original_Minimum,diagnostics_Image-original_Maximum,diagnostics_Mask-original_Hash,diagnostics_Mask-original_VoxelNum,original_firstorder_Kurtosis,original_firstorder_Maximum,original_firstorder_Mean,original_firstorder_Median,original_firstorder_Minimum,original_firstorder_Skewness,original_firstorder_Variance,original_glcm_Contrast,original_glcm_Correlation,original_glcm_Idm,original_glcm_JointEnergy,original_glcm_JointEntropy
/home/ale/Desktop/Datos procesados/7/Segment 7 out/7out.nrrd,/home/ale/Desktop/Datos procesados/7/Segment 7 out/7LabelMapVolume_1out.nrrd,"{'normalize': False, 'normalizeScale': 1, 'interpolator': 'sitkBSpline', 'additionalInfo': True}",{'Original': {}},3D,"(512, 512, 1)",117.076110839844,0,860,8ba4cfd9ac87b210f876b61855e02d11adb942fa,2024,3.56565956369873,289,204.183794466403,203,132,0.343298075647214,453.70831445578,0.50196807103385,0.695716748413848,0.775454032170449,0.144694789906501,3.29435144034332
/home/ale/Desktop/Datos procesados/7/Segment 7 out/7out.nrrd,/home/ale/Desktop/Datos procesados/7/Segment 7 out/7LabelMapVolume_2out.nrrd,"{'normalize': False, 'normalizeScale': 1, 'interpolator': 'sitkBSpline', 'additionalInfo': True}",{'Original': {}},3D,"(512, 512, 1)",117.076110839844,0,860,2cb9fb0a351b7866e9fe4d12c5edff6816d56291,2022,2.85278377897389,347,250.618199802176,251,165,0.103309765128712,835.120301803798,0.504779592152947,0.815084373659315,0.776211145638757,0.103187181788581,3.72505290410889
/home/ale/Desktop/Datos procesados/7/Segment 7 out/7out.nrrd,/home/ale/Desktop/Datos procesados/7/Segment 7 out/7LabelMapVolume_3out.nrrd,"{'normalize': False, 'normalizeScale': 1, 'interpolator': 'sitkBSpline', 'additionalInfo': True}",{'Original': {}},3D,"(512, 512, 1)",117.076110839844,0,860,12a8c16c7065b983924285ef7ec220464bb23491,2023,21.0813393539352,533,240.199703410776,237,159,3.12871754655856,1224.23100337224,0.824305325606533,0.798588545210831,0.744859121092566,0.126433510808308,3.73827400931679
/home/ale/Desktop/Datos procesados/7/Segment 7 out/7out.nrrd,/home/ale/Desktop/Datos procesados/7/Segment 7 out/7LabelMapVolume_4out.nrrd,"{'normalize': False, 'normalizeScale': 1, 'interpolator': 'sitkBSpline', 'additionalInfo': True}",{'Original': {}},3D,"(512, 512, 1)",117.076110839844,0,860,d8ea5a446911e2d6ac15038f0b39c5f05e85ac40,2021,9.88843939290076,645,281.02474022761,265,144,2.27471621392528,4837.73417268116,1.36319668133089,0.914226836658923,0.676290145723641,0.060324318112656,5.02558009846972
/home/ale/Desktop/Datos procesados/7/Segment 7 out/7out.nrrd,/home/ale/Desktop/Datos procesados/7/Segment 7 out/7LabelMapVolume_5out.nrrd,"{'normalize': False, 'normalizeScale': 1, 'interpolator': 'sitkBSpline', 'additionalInfo': True}",{'Original': {}},3D,"(512, 512, 1)",117.076110839844,0,860,d74bc8336e3b1ac2e4528cee54df44757891838a,2024,2.37213917193645,414,263.779150197628,258.5,174,0.321479197528693,1768.14737160985,0.625908211394622,0.892377881933182,0.750676198274307,0.063700867805935,4.36924570832213
/home/ale/Desktop/Datos procesados/7/Segment 7 out/7out.nrrd,/home/ale/Desktop/Datos procesados/7/Segment 7 out/7LabelMapVolume_6out.nrrd,"{'normalize': False, 'normalizeScale': 1, 'interpolator': 'sitkBSpline', 'additionalInfo': True}",{'Original': {}},3D,"(512, 512, 1)",117.076110839844,0,860,f1a79cfc8c269fb04e7dc801543448da544de8e8,2022,3.72789027072999,556,360.55390702275,356,255,0.555965928852182,1577.84254408235,0.730715089764997,0.857486222564718,0.736615482507004,0.069309124050662,4.35577441128156
/home/ale/Desktop/Datos procesados/7/Segment 7 out/7out.nrrd,/home/ale/Desktop/Datos procesados/7/Segment 7 out/7LabelMapVolume_7out.nrrd,"{'normalize': False, 'normalizeScale': 1, 'interpolator': 'sitkBSpline', 'additionalInfo': True}",{'Original': {}},3D,"(512, 512, 1)",117.076110839844,0,860,f3e8b067d992c8e5c6dd1d9acf779bef47949cd3,2021,4.57595995547617,467,239.0786739238,247,47,-0.517845623852771,2678.3842112054,0.992049436293835,0.883463916197487,0.682419901053972,0.050370420962342,4.88832178790166
/home/ale/Desktop/Datos procesados/7/Segment 7 out/7out.nrrd,/home/ale/Desktop/Datos procesados/7/Segment 7 out/7LabelMapVolume_8out.nrrd,"{'normalize': False, 'normalizeScale': 1, 'interpolator': 'sitkBSpline', 'additionalInfo': True}",{'Original': {}},3D,"(512, 512, 1)",117.076110839844,0,860,12b12e3f4f48e84f7727ab27d9384c31c154ca0e,2022,4.06820979347492,454,254.738872403561,256,56,-0.087520096827215,4074.84378072655,1.18174332983205,0.908747160079635,0.652228575208709,0.040580657809343,5.30834018723982
/home/ale/Desktop/Datos procesados/7/Segment 7 out/7out.nrrd,/home/ale/Desktop/Datos procesados/7/Segment 7 out/7LabelMapVolume_all_out.nrrd,"{'normalize': False, 'normalizeScale': 1, 'interpolator': 'sitkBSpline', 'additionalInfo': True}",{'Original': {}},3D,"(512, 512, 1)",117.076110839844,0,860,6cf4d53d06faee227f78b498e5319114125fb0e5,31395,6.6184236475473,823,270.102436693741,254,44,1.30608978974825,5078.47315061611,0.914530208186602,0.944069200969742,0.720908318449032,0.043579878530182,5.20162274628542
