Image,Mask,diagnostics_Configuration_Settings,diagnostics_Configuration_EnabledImageTypes,diagnostics_Image-original_Dimensionality,diagnostics_Image-original_Size,diagnostics_Image-original_Mean,diagnostics_Image-original_Minimum,diagnostics_Image-original_Maximum,diagnostics_Mask-original_Hash,diagnostics_Mask-original_VoxelNum,original_firstorder_Kurtosis,original_firstorder_Maximum,original_firstorder_Mean,original_firstorder_Median,original_firstorder_Minimum,original_firstorder_Skewness,original_firstorder_Variance,original_glcm_Contrast,original_glcm_Correlation,original_glcm_Idm,original_glcm_JointEnergy,original_glcm_JointEntropy
/home/ale/Desktop/Datos procesados/13/Segment 13 in/13in.nrrd,/home/ale/Desktop/Datos procesados/13/Segment 13 in/13LabelMapVolume_1in.nrrd,"{'normalize': False, 'normalizeScale': 1, 'interpolator': 'sitkBSpline', 'additionalInfo': True}",{'Original': {}},3D,"(512, 512, 1)",273.070552825928,0,2827,5608668b52b1e7bb314d336694cf30d15d373f61,899,2.43178059342779,257,201.42936596218,203,132,-0.344597069109934,734.022541422245,0.413532419880522,0.834105150123886,0.805582877221105,0.119671527084703,3.46851468651035
/home/ale/Desktop/Datos procesados/13/Segment 13 in/13in.nrrd,/home/ale/Desktop/Datos procesados/13/Segment 13 in/13LabelMapVolume_2in.nrrd,"{'normalize': False, 'normalizeScale': 1, 'interpolator': 'sitkBSpline', 'additionalInfo': True}",{'Original': {}},3D,"(512, 512, 1)",273.070552825928,0,2827,3b6ec0470b6a21974cac58865c562959ef6cfcde,898,3.57732288885186,348,270.142538975501,270,164,-0.295872927816262,1082.62778954469,0.502751465853948,0.852153538707001,0.77403447499187,0.102766769964686,3.81995608329619
/home/ale/Desktop/Datos procesados/13/Segment 13 in/13in.nrrd,/home/ale/Desktop/Datos procesados/13/Segment 13 in/13LabelMapVolume_3in.nrrd,"{'normalize': False, 'normalizeScale': 1, 'interpolator': 'sitkBSpline', 'additionalInfo': True}",{'Original': {}},3D,"(512, 512, 1)",273.070552825928,0,2827,14fefedd64e8518b4a05b28dad3720fe685ebc9c,900,3.07425639951551,288,225.274444444444,226.5,145,-0.281905889299266,557.76134691358,0.432927626815016,0.774469553828744,0.805338072761218,0.146459503317684,3.32869033551158
/home/ale/Desktop/Datos procesados/13/Segment 13 in/13in.nrrd,/home/ale/Desktop/Datos procesados/13/Segment 13 in/13LabelMapVolume_4in.nrrd,"{'normalize': False, 'normalizeScale': 1, 'interpolator': 'sitkBSpline', 'additionalInfo': True}",{'Original': {}},3D,"(512, 512, 1)",273.070552825928,0,2827,186643e4a7190ac8852bf69d430fefcd6b374d2c,898,5.30855775356454,346,267.10579064588,268,122,-0.662182327246925,814.346269363743,0.471187289513778,0.818989171804776,0.786255379921234,0.12015096619834,3.54443963730922
/home/ale/Desktop/Datos procesados/13/Segment 13 in/13in.nrrd,/home/ale/Desktop/Datos procesados/13/Segment 13 in/13LabelMapVolume_5in.nrrd,"{'normalize': False, 'normalizeScale': 1, 'interpolator': 'sitkBSpline', 'additionalInfo': True}",{'Original': {}},3D,"(512, 512, 1)",273.070552825928,0,2827,02b9cba9f10872517c18c2032f70e441b89bd671,898,2.91047076030056,263,218.927616926503,220,165,-0.183289427945111,295.238635969068,0.42274821782743,0.640437189504361,0.800971072441365,0.178188047786206,2.91764316149113
/home/ale/Desktop/Datos procesados/13/Segment 13 in/13in.nrrd,/home/ale/Desktop/Datos procesados/13/Segment 13 in/13LabelMapVolume_6in.nrrd,"{'normalize': False, 'normalizeScale': 1, 'interpolator': 'sitkBSpline', 'additionalInfo': True}",{'Original': {}},3D,"(512, 512, 1)",273.070552825928,0,2827,ba4247dc8abdc1c10556a3bad22e3f9ec688b74c,899,3.47162130218815,345,259.661846496107,258,202,0.584733666242125,563.365073787337,0.376013071895425,0.792052288860383,0.825376633986928,0.170172679214035,3.1557667095314
/home/ale/Desktop/Datos procesados/13/Segment 13 in/13in.nrrd,/home/ale/Desktop/Datos procesados/13/Segment 13 in/13LabelMapVolume_7in.nrrd,"{'normalize': False, 'normalizeScale': 1, 'interpolator': 'sitkBSpline', 'additionalInfo': True}",{'Original': {}},3D,"(512, 512, 1)",273.070552825928,0,2827,f0f2ee3667c1181cf5baac400026abce5b6afc41,898,3.33713514857946,250,205.532293986637,207,146,-0.450735466536685,291.727798969251,0.348937771079974,0.678356814076299,0.832594288119254,0.228088144522472,2.70656631540213
/home/ale/Desktop/Datos procesados/13/Segment 13 in/13in.nrrd,/home/ale/Desktop/Datos procesados/13/Segment 13 in/13LabelMapVolume_8in.nrrd,"{'normalize': False, 'normalizeScale': 1, 'interpolator': 'sitkBSpline', 'additionalInfo': True}",{'Original': {}},3D,"(512, 512, 1)",273.070552825928,0,2827,cf060de14ea92ea613ca0636074ceb4422d87d15,900,3.27845950203589,236,173.743333333333,181,77,-0.959459635789461,1007.13745555556,0.432683262989138,0.870785311656133,0.797402479223924,0.125681437098439,3.57214014461304
/home/ale/Desktop/Datos procesados/13/Segment 13 in/13in.nrrd,/home/ale/Desktop/Datos procesados/13/Segment 13 in/13LabelMapVolume_all_in.nrrd,"{'normalize': False, 'normalizeScale': 1, 'interpolator': 'sitkBSpline', 'additionalInfo': True}",{'Original': {}},3D,"(512, 512, 1)",273.070552825928,0,2827,939a02f9fdc379e43fe92d1d7b188008546da174,32006,3.5753682843361,532,235.700587389864,229,68,0.478436221847771,3583.6874251377,0.43074753694078,0.962405422494249,0.801504825085364,0.058683210224937,4.67114834281786
