Image,Mask,diagnostics_Configuration_Settings,diagnostics_Configuration_EnabledImageTypes,diagnostics_Image-original_Dimensionality,diagnostics_Image-original_Size,diagnostics_Image-original_Mean,diagnostics_Image-original_Minimum,diagnostics_Image-original_Maximum,diagnostics_Mask-original_Hash,diagnostics_Mask-original_VoxelNum,original_firstorder_Kurtosis,original_firstorder_Maximum,original_firstorder_Mean,original_firstorder_Median,original_firstorder_Minimum,original_firstorder_Skewness,original_firstorder_Variance,original_glcm_Contrast,original_glcm_Correlation,original_glcm_Idm,original_glcm_JointEnergy,original_glcm_JointEntropy
/home/ale/Desktop/Datos procesados/16/Segment 16 out/16out.nrrd,/home/ale/Desktop/Datos procesados/16/Segment 16 out/16LabelMapVolume_1out.nrrd,"{'normalize': False, 'normalizeScale': 1, 'interpolator': 'sitkBSpline', 'additionalInfo': True}",{'Original': {}},3D,"(256, 256, 1)",128.012878417969,0,1303,901f2dca0452f8b6bc6d7b47241fbf613cf31f57,307,2.57196264474526,450,333.680781758958,327,221,0.383212294854017,2094.24337658755,1.59819766564371,0.753764745708369,0.590426009665324,0.04049474792753,5.00890726268188
/home/ale/Desktop/Datos procesados/16/Segment 16 out/16out.nrrd,/home/ale/Desktop/Datos procesados/16/Segment 16 out/16LabelMapVolume_2out.nrrd,"{'normalize': False, 'normalizeScale': 1, 'interpolator': 'sitkBSpline', 'additionalInfo': True}",{'Original': {}},3D,"(256, 256, 1)",128.012878417969,0,1303,2430d74259a87e9040a6502da35dbe0767f77c8a,309,2.28337579921886,579,433.78640776699,423,308,0.419709876608552,3497.88318094699,1.86205357142857,0.830787358896888,0.565428046218487,0.030857835972931,5.41940678648096
/home/ale/Desktop/Datos procesados/16/Segment 16 out/16out.nrrd,/home/ale/Desktop/Datos procesados/16/Segment 16 out/16LabelMapVolume_3out.nrrd,"{'normalize': False, 'normalizeScale': 1, 'interpolator': 'sitkBSpline', 'additionalInfo': True}",{'Original': {}},3D,"(256, 256, 1)",128.012878417969,0,1303,56b6bc04cf90397ae3ef3679480f2f6dda02dbd2,306,2.55253596126153,363,277.591503267974,279,206,0.089030245054231,977.901757870904,1.24255888515816,0.624415694891619,0.648544893204056,0.064380047695205,4.36123294065584
/home/ale/Desktop/Datos procesados/16/Segment 16 out/16out.nrrd,/home/ale/Desktop/Datos procesados/16/Segment 16 out/16LabelMapVolume_4out.nrrd,"{'normalize': False, 'normalizeScale': 1, 'interpolator': 'sitkBSpline', 'additionalInfo': True}",{'Original': {}},3D,"(256, 256, 1)",128.012878417969,0,1303,250f651ee849199f53ad37aac7f058ade261f877,306,3.07279660549081,251,192.774509803922,191,149,0.38952269939039,338.579873125721,0.590139102774482,0.510698135337366,0.743612885309636,0.158298244445147,3.09680927316979
/home/ale/Desktop/Datos procesados/16/Segment 16 out/16out.nrrd,/home/ale/Desktop/Datos procesados/16/Segment 16 out/16LabelMapVolume_5out.nrrd,"{'normalize': False, 'normalizeScale': 1, 'interpolator': 'sitkBSpline', 'additionalInfo': True}",{'Original': {}},3D,"(256, 256, 1)",128.012878417969,0,1303,d53e98fd7aee181c6def5442e5505195239a6ec0,307,2.95124676856221,342,249.478827361564,262,103,-0.740003290545512,2363.10297191482,1.2544118015692,0.831131313814809,0.639429878204741,0.047802721446704,4.81635564634605
/home/ale/Desktop/Datos procesados/16/Segment 16 out/16out.nrrd,/home/ale/Desktop/Datos procesados/16/Segment 16 out/16LabelMapVolume_6out.nrrd,"{'normalize': False, 'normalizeScale': 1, 'interpolator': 'sitkBSpline', 'additionalInfo': True}",{'Original': {}},3D,"(256, 256, 1)",128.012878417969,0,1303,87652924f04015420ecba7db24f9ab908bbc7112,307,3.34302780517236,246,197.889250814332,199,136,-0.402098513698272,342.547995204193,0.750635156210696,0.395914545850016,0.705881798058057,0.144083782952687,3.22148739704816
/home/ale/Desktop/Datos procesados/16/Segment 16 out/16out.nrrd,/home/ale/Desktop/Datos procesados/16/Segment 16 out/16LabelMapVolume_7out.nrrd,"{'normalize': False, 'normalizeScale': 1, 'interpolator': 'sitkBSpline', 'additionalInfo': True}",{'Original': {}},3D,"(256, 256, 1)",128.012878417969,0,1303,35958366cbc2af63d7b67337add4d7587aa9b587,307,2.60001456529807,279,219.807817589577,218,166,0.131596386056885,517.295313478127,0.635439201086683,0.643484688663763,0.731528273884389,0.11548149229081,3.46055816065664
/home/ale/Desktop/Datos procesados/16/Segment 16 out/16out.nrrd,/home/ale/Desktop/Datos procesados/16/Segment 16 out/16LabelMapVolume_8out.nrrd,"{'normalize': False, 'normalizeScale': 1, 'interpolator': 'sitkBSpline', 'additionalInfo': True}",{'Original': {}},3D,"(256, 256, 1)",128.012878417969,0,1303,da3a476e3afb02ce7bee8d6612754d0234f3e8f5,308,3.91447660616803,278,215.431818181818,220,117,-0.788370097853791,857.63496162928,1.03521493668278,0.652902092280183,0.666567096449122,0.092744465366929,3.98663640302909
/home/ale/Desktop/Datos procesados/16/Segment 16 out/16out.nrrd,/home/ale/Desktop/Datos procesados/16/Segment 16 out/16LabelMapVolume_all_out.nrrd,"{'normalize': False, 'normalizeScale': 1, 'interpolator': 'sitkBSpline', 'additionalInfo': True}",{'Original': {}},3D,"(256, 256, 1)",128.012878417969,0,1303,71f7154c1934dc714a5fcfde406640b7e1ca6ddd,12782,4.96074265316684,743,275.748239712095,243,69,1.37970497136305,10113.0031165227,1.20428132271127,0.962164046394204,0.661309523123311,0.031783026132575,5.78876751161375
