Image,Mask,diagnostics_Configuration_Settings,diagnostics_Configuration_EnabledImageTypes,diagnostics_Image-original_Dimensionality,diagnostics_Image-original_Size,diagnostics_Image-original_Mean,diagnostics_Image-original_Minimum,diagnostics_Image-original_Maximum,diagnostics_Mask-original_Hash,diagnostics_Mask-original_VoxelNum,original_firstorder_Kurtosis,original_firstorder_Maximum,original_firstorder_Mean,original_firstorder_Median,original_firstorder_Minimum,original_firstorder_Skewness,original_firstorder_Variance,original_glcm_Contrast,original_glcm_Correlation,original_glcm_Idm,original_glcm_JointEnergy,original_glcm_JointEntropy
/home/ale/Desktop/Datos procesados/12/Segment 12 in/12in.nrrd,/home/ale/Desktop/Datos procesados/12/Segment 12 in/12LabelMapVolume_1in.nrrd,"{'normalize': False, 'normalizeScale': 1, 'interpolator': 'sitkBSpline', 'additionalInfo': True}",{'Original': {}},3D,"(512, 512, 1)",210.057624816895,0,1686,4fac951a0488442f3aac60cd68f3b98e9514dd0a,992,3.0669049621729,236,191.289314516129,191,154,0.27021399023501,173.947547110757,0.252426553814072,0.642487809017308,0.874106211910855,0.324350868023698,2.21324870114925
/home/ale/Desktop/Datos procesados/12/Segment 12 in/12in.nrrd,/home/ale/Desktop/Datos procesados/12/Segment 12 in/12LabelMapVolume_2in.nrrd,"{'normalize': False, 'normalizeScale': 1, 'interpolator': 'sitkBSpline', 'additionalInfo': True}",{'Original': {}},3D,"(512, 512, 1)",210.057624816895,0,1686,e6c09e5ab68087d28f72145e4eaf5974d560f49e,990,2.75871247102896,186,147.689898989899,149,98,-0.314586187556218,208.298786858484,0.248397007952572,0.705473005401484,0.875801496023714,0.266687192628336,2.32955009026481
/home/ale/Desktop/Datos procesados/12/Segment 12 in/12in.nrrd,/home/ale/Desktop/Datos procesados/12/Segment 12 in/12LabelMapVolume_3in.nrrd,"{'normalize': False, 'normalizeScale': 1, 'interpolator': 'sitkBSpline', 'additionalInfo': True}",{'Original': {}},3D,"(512, 512, 1)",210.057624816895,0,1686,288b2acd03a198a5989cd009f1198db82a0b9da8,993,2.52525816378958,252,213.370594159114,214,168,-0.202110768632402,261.802237008506,0.289436580497318,0.716864446678352,0.858785989166413,0.227366037865792,2.56833645710383
/home/ale/Desktop/Datos procesados/12/Segment 12 in/12in.nrrd,/home/ale/Desktop/Datos procesados/12/Segment 12 in/12LabelMapVolume_4in.nrrd,"{'normalize': False, 'normalizeScale': 1, 'interpolator': 'sitkBSpline', 'additionalInfo': True}",{'Original': {}},3D,"(512, 512, 1)",210.057624816895,0,1686,c2e2358c20ec2afe87bda46206639e7c09fd7ab2,992,2.20708840131294,291,243.341733870968,243,199,0.012059120694753,331.995113122724,0.266754484273679,0.763754776219158,0.866942246681052,0.220477240867735,2.59797439868538
/home/ale/Desktop/Datos procesados/12/Segment 12 in/12in.nrrd,/home/ale/Desktop/Datos procesados/12/Segment 12 in/12LabelMapVolume_5in.nrrd,"{'normalize': False, 'normalizeScale': 1, 'interpolator': 'sitkBSpline', 'additionalInfo': True}",{'Original': {}},3D,"(512, 512, 1)",210.057624816895,0,1686,5015589979a63ed313f6d38cec6c878a496c762f,990,4.13119866360846,217,183.142424242424,185.5,120,-0.860550174793047,243.275674931129,0.242787707634463,0.715927125523182,0.880205293304304,0.337039671923344,2.29525643989418
/home/ale/Desktop/Datos procesados/12/Segment 12 in/12in.nrrd,/home/ale/Desktop/Datos procesados/12/Segment 12 in/12LabelMapVolume_6in.nrrd,"{'normalize': False, 'normalizeScale': 1, 'interpolator': 'sitkBSpline', 'additionalInfo': True}",{'Original': {}},3D,"(512, 512, 1)",210.057624816895,0,1686,215a55cf9beb2196dc68e9a29a8b84bfcc59d23a,991,5.17008965897487,241,208.062563067608,209,144,-0.76493862015493,190.886095953389,0.286989097947748,0.622361508699811,0.859690292386867,0.332911708992499,2.27165067803599
/home/ale/Desktop/Datos procesados/12/Segment 12 in/12in.nrrd,/home/ale/Desktop/Datos procesados/12/Segment 12 in/12LabelMapVolume_7in.nrrd,"{'normalize': False, 'normalizeScale': 1, 'interpolator': 'sitkBSpline', 'additionalInfo': True}",{'Original': {}},3D,"(512, 512, 1)",210.057624816895,0,1686,2fee57b691a7b3ce6f56ca81378820eb8bccda92,991,3.26296234560049,281,216.73965691221,215,175,0.417313730849075,265.217791607821,0.24951010564984,0.737890681902752,0.875564776599387,0.274125126844356,2.43839094861797
/home/ale/Desktop/Datos procesados/12/Segment 12 in/12in.nrrd,/home/ale/Desktop/Datos procesados/12/Segment 12 in/12LabelMapVolume_8in.nrrd,"{'normalize': False, 'normalizeScale': 1, 'interpolator': 'sitkBSpline', 'additionalInfo': True}",{'Original': {}},3D,"(512, 512, 1)",210.057624816895,0,1686,b52ac61752ffa5016b3e8335f509929969e70466,991,2.30104553761546,289,239.516649848638,238,189,0.134595798202332,374.175050734104,0.266143230296108,0.810636129843923,0.867247873669837,0.194419593821811,2.77582012703339
/home/ale/Desktop/Datos procesados/12/Segment 12 in/12in.nrrd,/home/ale/Desktop/Datos procesados/12/Segment 12 in/12LabelMapVolume_all_in.nrrd,"{'normalize': False, 'normalizeScale': 1, 'interpolator': 'sitkBSpline', 'additionalInfo': True}",{'Original': {}},3D,"(512, 512, 1)",210.057624816895,0,1686,f0ca588b0a0af568679c3d36afbaa19983a098ab,25484,3.63600796265646,365,213.262007534139,209,52,0.374817763593319,1612.50068967566,0.312312576944942,0.941419271369629,0.850165489473975,0.104695284775454,3.88986970521013
