Image,Mask,diagnostics_Configuration_Settings,diagnostics_Configuration_EnabledImageTypes,diagnostics_Image-original_Dimensionality,diagnostics_Image-original_Size,diagnostics_Image-original_Mean,diagnostics_Image-original_Minimum,diagnostics_Image-original_Maximum,diagnostics_Mask-original_Hash,diagnostics_Mask-original_VoxelNum,original_firstorder_Kurtosis,original_firstorder_Maximum,original_firstorder_Mean,original_firstorder_Median,original_firstorder_Minimum,original_firstorder_Skewness,original_firstorder_Variance,original_glcm_Contrast,original_glcm_Correlation,original_glcm_Idm,original_glcm_JointEnergy,original_glcm_JointEntropy
/home/ale/Desktop/Datos procesados/21/Segment 21 in/21in.nrrd,/home/ale/Desktop/Datos procesados/21/Segment 21 in/21LabelMapVolume_1in.nrrd,"{'normalize': False, 'normalizeScale': 1, 'interpolator': 'sitkBSpline', 'additionalInfo': True}",{'Original': {}},3D,"(640, 520, 1)",118.72750600961538,0.0,454.0,7576e708c10e6932342842994ee8649e09e97823,1715,2.5288992959430865,206.0,172.2209912536443,178.0,113.0,-0.6008167156444201,325.6088888133346,0.12000321806031687,0.9028160600994545,0.9399983909698416,0.33869306521405845,2.1401066451002255
Image,Mask,diagnostics_Configuration_Settings,diagnostics_Configuration_EnabledImageTypes,diagnostics_Image-original_Dimensionality,diagnostics_Image-original_Size,diagnostics_Image-original_Mean,diagnostics_Image-original_Minimum,diagnostics_Image-original_Maximum,diagnostics_Mask-original_Hash,diagnostics_Mask-original_VoxelNum,original_firstorder_Kurtosis,original_firstorder_Maximum,original_firstorder_Mean,original_firstorder_Median,original_firstorder_Minimum,original_firstorder_Skewness,original_firstorder_Variance,original_glcm_Contrast,original_glcm_Correlation,original_glcm_Idm,original_glcm_JointEnergy,original_glcm_JointEntropy
/home/ale/Desktop/Datos procesados/21/Segment 21 in/21in.nrrd,/home/ale/Desktop/Datos procesados/21/Segment 21 in/21LabelMapVolume_2in.nrrd,"{'normalize': False, 'normalizeScale': 1, 'interpolator': 'sitkBSpline', 'additionalInfo': True}",{'Original': {}},3D,"(640, 520, 1)",118.72750600961538,0.0,454.0,1da4afe581e8b7bdc9981cf1c777156bc0898bb0,1717,2.764323381215124,212.0,163.66453115899824,168.0,98.0,-0.6355722668564772,564.3312579776255,0.17527920467528987,0.9113905103486091,0.912360397662355,0.21071049247677873,2.7416692358611203
Image,Mask,diagnostics_Configuration_Settings,diagnostics_Configuration_EnabledImageTypes,diagnostics_Image-original_Dimensionality,diagnostics_Image-original_Size,diagnostics_Image-original_Mean,diagnostics_Image-original_Minimum,diagnostics_Image-original_Maximum,diagnostics_Mask-original_Hash,diagnostics_Mask-original_VoxelNum,original_firstorder_Kurtosis,original_firstorder_Maximum,original_firstorder_Mean,original_firstorder_Median,original_firstorder_Minimum,original_firstorder_Skewness,original_firstorder_Variance,original_glcm_Contrast,original_glcm_Correlation,original_glcm_Idm,original_glcm_JointEnergy,original_glcm_JointEntropy
/home/ale/Desktop/Datos procesados/21/Segment 21 in/21in.nrrd,/home/ale/Desktop/Datos procesados/21/Segment 21 in/21LabelMapVolume_3in.nrrd,"{'normalize': False, 'normalizeScale': 1, 'interpolator': 'sitkBSpline', 'additionalInfo': True}",{'Original': {}},3D,"(640, 520, 1)",118.72750600961538,0.0,454.0,89e028bb22ded77c2d8b88f63678d8808b57561e,1715,11.783146645335023,193.0,169.90962099125363,172.0,92.0,-2.0694650701792443,129.78016982719785,0.16654962856371316,0.758348048920782,0.9170897057667462,0.37016246383880386,1.8567901605863253
Image,Mask,diagnostics_Configuration_Settings,diagnostics_Configuration_EnabledImageTypes,diagnostics_Image-original_Dimensionality,diagnostics_Image-original_Size,diagnostics_Image-original_Mean,diagnostics_Image-original_Minimum,diagnostics_Image-original_Maximum,diagnostics_Mask-original_Hash,diagnostics_Mask-original_VoxelNum,original_firstorder_Kurtosis,original_firstorder_Maximum,original_firstorder_Mean,original_firstorder_Median,original_firstorder_Minimum,original_firstorder_Skewness,original_firstorder_Variance,original_glcm_Contrast,original_glcm_Correlation,original_glcm_Idm,original_glcm_JointEnergy,original_glcm_JointEntropy
/home/ale/Desktop/Datos procesados/21/Segment 21 in/21in.nrrd,/home/ale/Desktop/Datos procesados/21/Segment 21 in/21LabelMapVolume_4in.nrrd,"{'normalize': False, 'normalizeScale': 1, 'interpolator': 'sitkBSpline', 'additionalInfo': True}",{'Original': {}},3D,"(640, 520, 1)",118.72750600961538,0.0,454.0,ba488517f0c451f46e7a72a6571779c938cfd188,1716,4.418845395064651,180.0,147.79895104895104,155.0,81.0,-1.4639162821432867,442.9589965686994,0.12973662098181457,0.9185814353581182,0.9351316895090926,0.3737619777469009,2.13668321600443
Image,Mask,diagnostics_Configuration_Settings,diagnostics_Configuration_EnabledImageTypes,diagnostics_Image-original_Dimensionality,diagnostics_Image-original_Size,diagnostics_Image-original_Mean,diagnostics_Image-original_Minimum,diagnostics_Image-original_Maximum,diagnostics_Mask-original_Hash,diagnostics_Mask-original_VoxelNum,original_firstorder_Kurtosis,original_firstorder_Maximum,original_firstorder_Mean,original_firstorder_Median,original_firstorder_Minimum,original_firstorder_Skewness,original_firstorder_Variance,original_glcm_Contrast,original_glcm_Correlation,original_glcm_Idm,original_glcm_JointEnergy,original_glcm_JointEntropy
/home/ale/Desktop/Datos procesados/21/Segment 21 in/21in.nrrd,/home/ale/Desktop/Datos procesados/21/Segment 21 in/21LabelMapVolume_5in.nrrd,"{'normalize': False, 'normalizeScale': 1, 'interpolator': 'sitkBSpline', 'additionalInfo': True}",{'Original': {}},3D,"(640, 520, 1)",118.72750600961538,0.0,454.0,9ea4ddc3773b997ceb61ea37e09cf0c79b58d82e,1717,3.082489048036178,160.0,120.27315084449621,120.0,92.0,0.1400623937230258,106.03779397433387,0.14867596214290701,0.7018638553685612,0.9256620189285465,0.430067226429712,1.66581969156704
Image,Mask,diagnostics_Configuration_Settings,diagnostics_Configuration_EnabledImageTypes,diagnostics_Image-original_Dimensionality,diagnostics_Image-original_Size,diagnostics_Image-original_Mean,diagnostics_Image-original_Minimum,diagnostics_Image-original_Maximum,diagnostics_Mask-original_Hash,diagnostics_Mask-original_VoxelNum,original_firstorder_Kurtosis,original_firstorder_Maximum,original_firstorder_Mean,original_firstorder_Median,original_firstorder_Minimum,original_firstorder_Skewness,original_firstorder_Variance,original_glcm_Contrast,original_glcm_Correlation,original_glcm_Idm,original_glcm_JointEnergy,original_glcm_JointEntropy
/home/ale/Desktop/Datos procesados/21/Segment 21 in/21in.nrrd,/home/ale/Desktop/Datos procesados/21/Segment 21 in/21LabelMapVolume_6in.nrrd,"{'normalize': False, 'normalizeScale': 1, 'interpolator': 'sitkBSpline', 'additionalInfo': True}",{'Original': {}},3D,"(640, 520, 1)",118.72750600961538,0.0,454.0,2ae83c7e02653f8d9cdef8f86cfba460eaad04ff,1715,3.8641665318617595,218.0,173.8927113702624,176.0,106.0,-0.8872262771291547,383.7949031440981,0.19526831621457044,0.8598488547562388,0.9023658418927147,0.2556243263528081,2.5520294138064834
Image,Mask,diagnostics_Configuration_Settings,diagnostics_Configuration_EnabledImageTypes,diagnostics_Image-original_Dimensionality,diagnostics_Image-original_Size,diagnostics_Image-original_Mean,diagnostics_Image-original_Minimum,diagnostics_Image-original_Maximum,diagnostics_Mask-original_Hash,diagnostics_Mask-original_VoxelNum,original_firstorder_Kurtosis,original_firstorder_Maximum,original_firstorder_Mean,original_firstorder_Median,original_firstorder_Minimum,original_firstorder_Skewness,original_firstorder_Variance,original_glcm_Contrast,original_glcm_Correlation,original_glcm_Idm,original_glcm_JointEnergy,original_glcm_JointEntropy
/home/ale/Desktop/Datos procesados/21/Segment 21 in/21in.nrrd,/home/ale/Desktop/Datos procesados/21/Segment 21 in/21LabelMapVolume_7in.nrrd,"{'normalize': False, 'normalizeScale': 1, 'interpolator': 'sitkBSpline', 'additionalInfo': True}",{'Original': {}},3D,"(640, 520, 1)",118.72750600961538,0.0,454.0,ec469e55403076ae16acd869e19e370145a5d2a4,1716,4.711964764246987,202.0,174.06177156177156,176.0,120.0,-1.0510959604917507,155.34117261914463,0.17050715539952122,0.7611911970818053,0.9147464223002394,0.3436635118455494,1.9546989562499197
Image,Mask,diagnostics_Configuration_Settings,diagnostics_Configuration_EnabledImageTypes,diagnostics_Image-original_Dimensionality,diagnostics_Image-original_Size,diagnostics_Image-original_Mean,diagnostics_Image-original_Minimum,diagnostics_Image-original_Maximum,diagnostics_Mask-original_Hash,diagnostics_Mask-original_VoxelNum,original_firstorder_Kurtosis,original_firstorder_Maximum,original_firstorder_Mean,original_firstorder_Median,original_firstorder_Minimum,original_firstorder_Skewness,original_firstorder_Variance,original_glcm_Contrast,original_glcm_Correlation,original_glcm_Idm,original_glcm_JointEnergy,original_glcm_JointEntropy
/home/ale/Desktop/Datos procesados/21/Segment 21 in/21in.nrrd,/home/ale/Desktop/Datos procesados/21/Segment 21 in/21LabelMapVolume_8in.nrrd,"{'normalize': False, 'normalizeScale': 1, 'interpolator': 'sitkBSpline', 'additionalInfo': True}",{'Original': {}},3D,"(640, 520, 1)",118.72750600961538,0.0,454.0,07e5fb4c321f877ddecd12d9caa4bbd4843295ce,1716,3.187962000101192,202.0,176.47552447552448,176.0,151.0,0.2886435775285754,60.99299069229139,0.18152416875459151,0.6363586042567351,0.9092379156227042,0.36343191682690124,1.699534205140672
Image,Mask,diagnostics_Configuration_Settings,diagnostics_Configuration_EnabledImageTypes,diagnostics_Image-original_Dimensionality,diagnostics_Image-original_Size,diagnostics_Image-original_Mean,diagnostics_Image-original_Minimum,diagnostics_Image-original_Maximum,diagnostics_Mask-original_Hash,diagnostics_Mask-original_VoxelNum,original_firstorder_Kurtosis,original_firstorder_Maximum,original_firstorder_Mean,original_firstorder_Median,original_firstorder_Minimum,original_firstorder_Skewness,original_firstorder_Variance,original_glcm_Contrast,original_glcm_Correlation,original_glcm_Idm,original_glcm_JointEnergy,original_glcm_JointEntropy
/home/ale/Desktop/Datos procesados/21/Segment 21 in/21in.nrrd,/home/ale/Desktop/Datos procesados/21/Segment 21 in/21LabelMapVolume_all_in.nrrd,"{'normalize': False, 'normalizeScale': 1, 'interpolator': 'sitkBSpline', 'additionalInfo': True}",{'Original': {}},3D,"(640, 520, 1)",118.72750600961538,0.0,454.0,53784391954d72f157876a0f1b924bb1e0bc6b1b,54784,3.796116575047772,249.0,164.1502445969626,169.0,46.0,-0.8179648422839298,704.1848046276722,0.1614184754876693,0.9332918364678785,0.9194237863251205,0.21271947537438007,2.8497187228418115
