Image,Mask,diagnostics_Configuration_Settings,diagnostics_Configuration_EnabledImageTypes,diagnostics_Image-original_Dimensionality,diagnostics_Image-original_Size,diagnostics_Image-original_Mean,diagnostics_Image-original_Minimum,diagnostics_Image-original_Maximum,diagnostics_Mask-original_Hash,diagnostics_Mask-original_VoxelNum,original_firstorder_Kurtosis,original_firstorder_Maximum,original_firstorder_Mean,original_firstorder_Median,original_firstorder_Minimum,original_firstorder_Skewness,original_firstorder_Variance,original_glcm_Contrast,original_glcm_Correlation,original_glcm_Idm,original_glcm_JointEnergy,original_glcm_JointEntropy
/home/ale/Desktop/Datos procesados/2/Segment 2 out/2out.nrrd,/home/ale/Desktop/Datos procesados/2/Segment 2 out/2LabelMapVolume_1out.nrrd,"{'normalize': False, 'normalizeScale': 1, 'interpolator': 'sitkBSpline', 'additionalInfo': True}",{'Original': {}},3D,"(256, 256, 1)",158.295913696289,0,1914,e30f5f63e18c90c5c3a957aa03317ee0c4542e52,247,2.61978287111918,157,124.769230769231,125,86,0.063587330635562,212.760510744316,0.389669274537696,0.572097983590888,0.814589260312944,0.212274957446029,2.64423240057735
/home/ale/Desktop/Datos procesados/2/Segment 2 out/2out.nrrd,/home/ale/Desktop/Datos procesados/2/Segment 2 out/2LabelMapVolume_2out.nrrd,"{'normalize': False, 'normalizeScale': 1, 'interpolator': 'sitkBSpline', 'additionalInfo': True}",{'Original': {}},3D,"(256, 256, 1)",158.295913696289,0,1914,82e766a8103ce74a6820c0ff49370727594e1aff,248,2.67404364129552,177,146.036290322581,146,107,-0.132634369121571,199.18013462539,0.286631910289199,0.639760299606128,0.858041510918749,0.256485283696501,2.35995054486934
/home/ale/Desktop/Datos procesados/2/Segment 2 out/2out.nrrd,/home/ale/Desktop/Datos procesados/2/Segment 2 out/2LabelMapVolume_3out.nrrd,"{'normalize': False, 'normalizeScale': 1, 'interpolator': 'sitkBSpline', 'additionalInfo': True}",{'Original': {}},3D,"(256, 256, 1)",158.295913696289,0,1914,ca0c70f8605bfd80bba51e9c07fd8eb48b10d904,247,3.1996259070009,144,107.684210526316,106,79,0.567571759616856,138.175580652035,0.338905741702428,0.472534769089665,0.834572104943605,0.297990992866733,2.24654366723064
/home/ale/Desktop/Datos procesados/2/Segment 2 out/2out.nrrd,/home/ale/Desktop/Datos procesados/2/Segment 2 out/2LabelMapVolume_4out.nrrd,"{'normalize': False, 'normalizeScale': 1, 'interpolator': 'sitkBSpline', 'additionalInfo': True}",{'Original': {}},3D,"(256, 256, 1)",158.295913696289,0,1914,26a1355fab80675693cb12673a03959ce44b1a23,249,2.98586117171102,148,110.044176706827,111,78,-0.127589853333477,124.202867695682,0.313354332105551,0.389577854989159,0.843322833947225,0.365327248133139,2.01003677500874
/home/ale/Desktop/Datos procesados/2/Segment 2 out/2out.nrrd,/home/ale/Desktop/Datos procesados/2/Segment 2 out/2LabelMapVolume_5out.nrrd,"{'normalize': False, 'normalizeScale': 1, 'interpolator': 'sitkBSpline', 'additionalInfo': True}",{'Original': {}},3D,"(256, 256, 1)",158.295913696289,0,1914,afe7d5518c6ed39b01624126939c175efabce9bf,247,3.8185836098421,209,124.838056680162,117,79,1.26411146333759,703.787539543346,0.373843234144957,0.820287315449436,0.819865713244264,0.241435352145805,2.90885195683784
/home/ale/Desktop/Datos procesados/2/Segment 2 out/2out.nrrd,/home/ale/Desktop/Datos procesados/2/Segment 2 out/2LabelMapVolume_6out.nrrd,"{'normalize': False, 'normalizeScale': 1, 'interpolator': 'sitkBSpline', 'additionalInfo': True}",{'Original': {}},3D,"(256, 256, 1)",158.295913696289,0,1914,29b26b34a6b4ec5823e7bf51950c35e44bc0e0e9,247,3.20364842901755,201,138.801619433198,136,91,0.426613636210827,467.325017620351,0.408716829022506,0.765036543367945,0.806406469205082,0.170397810462985,3.16813479595968
/home/ale/Desktop/Datos procesados/2/Segment 2 out/2out.nrrd,/home/ale/Desktop/Datos procesados/2/Segment 2 out/2LabelMapVolume_7out.nrrd,"{'normalize': False, 'normalizeScale': 1, 'interpolator': 'sitkBSpline', 'additionalInfo': True}",{'Original': {}},3D,"(256, 256, 1)",158.295913696289,0,1914,973bee171a38b260e6d1f8d478a4ec21a3476445,248,3.11858012613647,327,206.737903225806,211,28,-0.33359788275523,2658.47566011967,1.93936130453598,0.767732864594656,0.577897947183967,0.035752122517793,5.19513438198482
/home/ale/Desktop/Datos procesados/2/Segment 2 out/2out.nrrd,/home/ale/Desktop/Datos procesados/2/Segment 2 out/2LabelMapVolume_8out.nrrd,"{'normalize': False, 'normalizeScale': 1, 'interpolator': 'sitkBSpline', 'additionalInfo': True}",{'Original': {}},3D,"(256, 256, 1)",158.295913696289,0,1914,f58025539c4007ebf14b10fd88b65a8274899d35,248,2.41028127362398,143,118.04435483871,118,93,0.015347401807649,114.235935874089,0.374053593235179,0.359216103660679,0.818337719974548,0.285140496020639,2.18437438254392
/home/ale/Desktop/Datos procesados/2/Segment 2 out/2out.nrrd,/home/ale/Desktop/Datos procesados/2/Segment 2 out/2LabelMapVolume_all_out.nrrd,"{'normalize': False, 'normalizeScale': 1, 'interpolator': 'sitkBSpline', 'additionalInfo': True}",{'Original': {}},3D,"(256, 256, 1)",158.295913696289,0,1914,5a7acbbb51fd1909fe62f95ef2ac227ceb7544ab,5995,8.60649710044791,420,137.726271893244,127,29,1.96211090985748,1669.09054414959,0.612426708613211,0.882379491501735,0.792207341529042,0.133107566616433,3.83661515055479
