Image,Mask,diagnostics_Configuration_Settings,diagnostics_Configuration_EnabledImageTypes,diagnostics_Image-original_Dimensionality,diagnostics_Image-original_Size,diagnostics_Image-original_Mean,diagnostics_Image-original_Minimum,diagnostics_Image-original_Maximum,diagnostics_Mask-original_Hash,diagnostics_Mask-original_VoxelNum,original_firstorder_Kurtosis,original_firstorder_Maximum,original_firstorder_Mean,original_firstorder_Median,original_firstorder_Minimum,original_firstorder_Skewness,original_firstorder_Variance,original_glcm_Contrast,original_glcm_Correlation,original_glcm_Idm,original_glcm_JointEnergy,original_glcm_JointEntropy
/home/ale/Desktop/Datos procesados/10/Segment 10 in/10in.nrrd,/home/ale/Desktop/Datos procesados/10/Segment 10 in/10LabelMapVolume_1in.nrrd,"{'normalize': False, 'normalizeScale': 1, 'interpolator': 'sitkBSpline', 'additionalInfo': True}",{'Original': {}},3D,"(512, 512, 1)",107.151802062988,0,1152,33ca72d6c104b020f4ab8f498f40cf14779e3d0c,991,2.7731568514259,139,112.523713420787,112,76,-0.106086574415718,124.114220721101,0.219881736366699,0.586818192560876,0.89005913181665,0.413289842183665,1.91264326065118
/home/ale/Desktop/Datos procesados/10/Segment 10 in/10in.nrrd,/home/ale/Desktop/Datos procesados/10/Segment 10 in/10LabelMapVolume_2in.nrrd,"{'normalize': False, 'normalizeScale': 1, 'interpolator': 'sitkBSpline', 'additionalInfo': True}",{'Original': {}},3D,"(512, 512, 1)",107.151802062988,0,1152,b124575d135a5b5881af06b82bf183eae86ccbe8,992,3.37143412225145,189,144.429435483871,142,105,0.59961668927931,183.603891616805,0.198479222075395,0.700815788909744,0.901079877780194,0.392829578748369,1.99435608975953
/home/ale/Desktop/Datos procesados/10/Segment 10 in/10in.nrrd,/home/ale/Desktop/Datos procesados/10/Segment 10 in/10LabelMapVolume_3in.nrrd,"{'normalize': False, 'normalizeScale': 1, 'interpolator': 'sitkBSpline', 'additionalInfo': True}",{'Original': {}},3D,"(512, 512, 1)",107.151802062988,0,1152,47c09f3341cbb3d4e3b1c9eb960ec536b694eabb,991,2.54799481094385,182,137.114026236125,136,96,0.009419357215509,241.9536983202,0.261945702047623,0.714872066858426,0.86934663779408,0.254523120697368,2.44940143120818
/home/ale/Desktop/Datos procesados/10/Segment 10 in/10in.nrrd,/home/ale/Desktop/Datos procesados/10/Segment 10 in/10LabelMapVolume_4in.nrrd,"{'normalize': False, 'normalizeScale': 1, 'interpolator': 'sitkBSpline', 'additionalInfo': True}",{'Original': {}},3D,"(512, 512, 1)",107.151802062988,0,1152,2a3180220aee91e6f49beb984669e975fa281303,990,3.72698051180693,135,103.125252525253,103,74,0.147236837380092,83.9216855422916,0.261870421572334,0.487930732426414,0.869064789213833,0.342070956161936,1.90904023992586
/home/ale/Desktop/Datos procesados/10/Segment 10 in/10in.nrrd,/home/ale/Desktop/Datos procesados/10/Segment 10 in/10LabelMapVolume_5in.nrrd,"{'normalize': False, 'normalizeScale': 1, 'interpolator': 'sitkBSpline', 'additionalInfo': True}",{'Original': {}},3D,"(512, 512, 1)",107.151802062988,0,1152,82ae8894290f977128d38d7bdc844e4c2264beba,990,2.82155908026133,137,104.441414141414,105,70,-0.16266241013356,134.899092949699,0.249179588564586,0.560183870753128,0.875730376475444,0.335993346166164,1.99861746462214
/home/ale/Desktop/Datos procesados/10/Segment 10 in/10in.nrrd,/home/ale/Desktop/Datos procesados/10/Segment 10 in/10LabelMapVolume_6in.nrrd,"{'normalize': False, 'normalizeScale': 1, 'interpolator': 'sitkBSpline', 'additionalInfo': True}",{'Original': {}},3D,"(512, 512, 1)",107.151802062988,0,1152,7244eebcc48af55d2a5013abcac43ee5af3367be,992,2.95519919721479,170,124.216733870968,123.5,85,0.291805318584719,192.579034493692,0.195843578720818,0.731495792607816,0.902078210639591,0.314638725702906,2.10792831851275
/home/ale/Desktop/Datos procesados/10/Segment 10 in/10in.nrrd,/home/ale/Desktop/Datos procesados/10/Segment 10 in/10LabelMapVolume_7in.nrrd,"{'normalize': False, 'normalizeScale': 1, 'interpolator': 'sitkBSpline', 'additionalInfo': True}",{'Original': {}},3D,"(512, 512, 1)",107.151802062988,0,1152,b1c5824db733f71dfcce14a3651b9843af862539,990,2.55660850610982,154,123.4,123,95,-0.001470603897009,116.286464646465,0.239359694129018,0.572690270943522,0.880639982359798,0.313384018089748,1.94657618447137
/home/ale/Desktop/Datos procesados/10/Segment 10 in/10in.nrrd,/home/ale/Desktop/Datos procesados/10/Segment 10 in/10LabelMapVolume_8in.nrrd,"{'normalize': False, 'normalizeScale': 1, 'interpolator': 'sitkBSpline', 'additionalInfo': True}",{'Original': {}},3D,"(512, 512, 1)",107.151802062988,0,1152,750f94b7a43259de4a8522cdf0f3621433eff56b,988,2.70151061868542,163,131.2995951417,131,94,0.024495157067892,141.33939254864,0.242285347407587,0.611347172731561,0.878857326296206,0.332973324352308,2.07483109970251
/home/ale/Desktop/Datos procesados/10/Segment 10 in/10in.nrrd,/home/ale/Desktop/Datos procesados/10/Segment 10 in/10LabelMapVolume_all_in.nrrd,"{'normalize': False, 'normalizeScale': 1, 'interpolator': 'sitkBSpline', 'additionalInfo': True}",{'Original': {}},3D,"(512, 512, 1)",107.151802062988,0,1152,4e4074dcc06648ff05201705bb21e0eb2b02fd7c,35597,3.21332419781684,258,128.619490406495,123,28,0.717913015432647,770.622046733039,0.24443260830584,0.90469117900254,0.880015483482915,0.174141096218315,3.1358059892647
