Image,Mask,diagnostics_Configuration_Settings,diagnostics_Configuration_EnabledImageTypes,diagnostics_Image-original_Dimensionality,diagnostics_Image-original_Size,diagnostics_Image-original_Mean,diagnostics_Image-original_Minimum,diagnostics_Image-original_Maximum,diagnostics_Mask-original_Hash,diagnostics_Mask-original_VoxelNum,original_firstorder_Kurtosis,original_firstorder_Maximum,original_firstorder_Mean,original_firstorder_Median,original_firstorder_Minimum,original_firstorder_Skewness,original_firstorder_Variance,original_glcm_Contrast,original_glcm_Correlation,original_glcm_Idm,original_glcm_JointEnergy,original_glcm_JointEntropy
/home/ale/Desktop/Datos procesados/2/Segment 2 in/2in.nrrd,/home/ale/Desktop/Datos procesados/2/Segment 2 in/2LabelMapVolume_1in.nrrd,"{'normalize': False, 'normalizeScale': 1, 'interpolator': 'sitkBSpline', 'additionalInfo': True}",{'Original': {}},3D,"(256, 256, 1)",190.062469482422,0,1995,e30f5f63e18c90c5c3a957aa03317ee0c4542e52,247,3.57228437161814,273,232.105263157895,234,169,-0.589601655023094,365.187300234392,0.389580369843528,0.685019101144508,0.821354907539118,0.210900208717364,2.83821198864786
/home/ale/Desktop/Datos procesados/2/Segment 2 in/2in.nrrd,/home/ale/Desktop/Datos procesados/2/Segment 2 in/2LabelMapVolume_2in.nrrd,"{'normalize': False, 'normalizeScale': 1, 'interpolator': 'sitkBSpline', 'additionalInfo': True}",{'Original': {}},3D,"(256, 256, 1)",190.062469482422,0,1995,82e766a8103ce74a6820c0ff49370727594e1aff,248,2.86082293256407,298,239.838709677419,235,182,0.465343016278029,502.667533818939,0.326868975014755,0.793059629633946,0.843299724572103,0.20124030625359,2.90463202752653
/home/ale/Desktop/Datos procesados/2/Segment 2 in/2in.nrrd,/home/ale/Desktop/Datos procesados/2/Segment 2 in/2LabelMapVolume_3in.nrrd,"{'normalize': False, 'normalizeScale': 1, 'interpolator': 'sitkBSpline', 'additionalInfo': True}",{'Original': {}},3D,"(256, 256, 1)",190.062469482422,0,1995,ca0c70f8605bfd80bba51e9c07fd8eb48b10d904,247,3.50528146409988,209,176.623481781377,182,111,-1.04677960892797,366.971594354931,0.409593447266835,0.691651694749865,0.822177188660299,0.278736372197399,2.6747391006086
/home/ale/Desktop/Datos procesados/2/Segment 2 in/2in.nrrd,/home/ale/Desktop/Datos procesados/2/Segment 2 in/2LabelMapVolume_4in.nrrd,"{'normalize': False, 'normalizeScale': 1, 'interpolator': 'sitkBSpline', 'additionalInfo': True}",{'Original': {}},3D,"(256, 256, 1)",190.062469482422,0,1995,26a1355fab80675693cb12673a03959ce44b1a23,249,4.89627020541445,219,186.947791164659,194,105,-1.45767975359976,538.523378655183,0.506654617182985,0.718823974960497,0.780085031414725,0.171608470136403,3.04271962229185
/home/ale/Desktop/Datos procesados/2/Segment 2 in/2in.nrrd,/home/ale/Desktop/Datos procesados/2/Segment 2 in/2LabelMapVolume_5in.nrrd,"{'normalize': False, 'normalizeScale': 1, 'interpolator': 'sitkBSpline', 'additionalInfo': True}",{'Original': {}},3D,"(256, 256, 1)",190.062469482422,0,1995,afe7d5518c6ed39b01624126939c175efabce9bf,247,2.72745318896705,260,225.514170040486,226,186,-0.077416598660154,175.164778967038,0.354610103327437,0.489611658847286,0.830798068126708,0.25267029128989,2.34429132958427
/home/ale/Desktop/Datos procesados/2/Segment 2 in/2in.nrrd,/home/ale/Desktop/Datos procesados/2/Segment 2 in/2LabelMapVolume_6in.nrrd,"{'normalize': False, 'normalizeScale': 1, 'interpolator': 'sitkBSpline', 'additionalInfo': True}",{'Original': {}},3D,"(256, 256, 1)",190.062469482422,0,1995,29b26b34a6b4ec5823e7bf51950c35e44bc0e0e9,247,2.94580244142029,227,181.437246963563,179,142,0.511541693181002,316.529462866134,0.344331047837341,0.687239461299392,0.834574384002845,0.205607424972712,2.704558733245
/home/ale/Desktop/Datos procesados/2/Segment 2 in/2in.nrrd,/home/ale/Desktop/Datos procesados/2/Segment 2 in/2LabelMapVolume_7in.nrrd,"{'normalize': False, 'normalizeScale': 1, 'interpolator': 'sitkBSpline', 'additionalInfo': True}",{'Original': {}},3D,"(256, 256, 1)",190.062469482422,0,1995,973bee171a38b260e6d1f8d478a4ec21a3476445,248,2.1956637106792,297,225.943548387097,230.5,150,-0.231801847169798,1097.28713579605,0.952053581966246,0.739615268398563,0.67781517068057,0.065550824880615,4.20842216414853
/home/ale/Desktop/Datos procesados/2/Segment 2 in/2in.nrrd,/home/ale/Desktop/Datos procesados/2/Segment 2 in/2LabelMapVolume_8in.nrrd,"{'normalize': False, 'normalizeScale': 1, 'interpolator': 'sitkBSpline', 'additionalInfo': True}",{'Original': {}},3D,"(256, 256, 1)",190.062469482422,0,1995,f58025539c4007ebf14b10fd88b65a8274899d35,248,2.74587299238612,277,230.645161290323,229,197,0.353417729206347,225.801508844953,0.336256032739409,0.588139505068742,0.834574686332998,0.237831912732491,2.43694390507946
/home/ale/Desktop/Datos procesados/2/Segment 2 in/2in.nrrd,/home/ale/Desktop/Datos procesados/2/Segment 2 in/2LabelMapVolume_all_in.nrrd,"{'normalize': False, 'normalizeScale': 1, 'interpolator': 'sitkBSpline', 'additionalInfo': True}",{'Original': {}},3D,"(256, 256, 1)",190.062469482422,0,1995,5a7acbbb51fd1909fe62f95ef2ac227ceb7544ab,5995,3.43072447757417,391,212.500417014178,208,71,0.474891599040798,1479.90004152752,0.517595882393224,0.890434961573371,0.799632510563616,0.093933570357019,4.06270757366643
