Image,Mask,diagnostics_Configuration_Settings,diagnostics_Configuration_EnabledImageTypes,diagnostics_Image-original_Dimensionality,diagnostics_Image-original_Size,diagnostics_Image-original_Mean,diagnostics_Image-original_Minimum,diagnostics_Image-original_Maximum,diagnostics_Mask-original_Hash,diagnostics_Mask-original_VoxelNum,original_firstorder_Kurtosis,original_firstorder_Maximum,original_firstorder_Mean,original_firstorder_Median,original_firstorder_Minimum,original_firstorder_Skewness,original_firstorder_Variance,original_glcm_Contrast,original_glcm_Correlation,original_glcm_Idm,original_glcm_JointEnergy,original_glcm_JointEntropy
/home/ale/Desktop/Datos procesados/24/Segment 24 in/24in.nrrd,/home/ale/Desktop/Datos procesados/24/Segment 24 in/24LabelMapVolume_1in.nrrd,"{'normalize': False, 'normalizeScale': 1, 'interpolator': 'sitkBSpline', 'additionalInfo': True}",{'Original': {}},3D,"(640, 540, 1)",171.595882523148,0,603,58cd2e335af508a92caa67882b1375eda2cc4ccd,1716,3.93761872821511,165,132.427738927739,134,78,-0.691239009910515,160.354335446993,0.176432337977159,0.695353217176527,0.911783831011421,0.437829773679905,1.85834450206412
/home/ale/Desktop/Datos procesados/24/Segment 24 in/24in.nrrd,/home/ale/Desktop/Datos procesados/24/Segment 24 in/24LabelMapVolume_2in.nrrd,"{'normalize': False, 'normalizeScale': 1, 'interpolator': 'sitkBSpline', 'additionalInfo': True}",{'Original': {}},3D,"(640, 540, 1)",171.595882523148,0,603,cccbdd2710775ff4411e0ac6c330b72b8960554e,1715,3.7640806032033,172,130.604664723032,130,103,0.433889008802148,106.223884945898,0.193433387935976,0.625124792320995,0.903283306032012,0.394542910146299,1.79904331072634
/home/ale/Desktop/Datos procesados/24/Segment 24 in/24in.nrrd,/home/ale/Desktop/Datos procesados/24/Segment 24 in/24LabelMapVolume_3in.nrrd,"{'normalize': False, 'normalizeScale': 1, 'interpolator': 'sitkBSpline', 'additionalInfo': True}",{'Original': {}},3D,"(640, 540, 1)",171.595882523148,0,603,0fc62bd1619afd200321008506097b68216fc6c8,1717,3.24843742113236,160,118.566686080373,118,92,0.333353682172584,95.6701307185773,0.168428485367046,0.632239347166812,0.915785757316477,0.452808989010664,1.63541745912468
/home/ale/Desktop/Datos procesados/24/Segment 24 in/24in.nrrd,/home/ale/Desktop/Datos procesados/24/Segment 24 in/24LabelMapVolume_4in.nrrd,"{'normalize': False, 'normalizeScale': 1, 'interpolator': 'sitkBSpline', 'additionalInfo': True}",{'Original': {}},3D,"(640, 540, 1)",171.595882523148,0,603,d69191c4bb2f72edef18975f1cdd9356eabf4eb5,1716,2.70127345321611,174,122.671328671329,123,73,-0.149007935926951,333.708991474726,0.2955509990898,0.757998288074338,0.853133061912208,0.201179940427426,2.74295333150177
/home/ale/Desktop/Datos procesados/24/Segment 24 in/24in.nrrd,/home/ale/Desktop/Datos procesados/24/Segment 24 in/24LabelMapVolume_5in.nrrd,"{'normalize': False, 'normalizeScale': 1, 'interpolator': 'sitkBSpline', 'additionalInfo': True}",{'Original': {}},3D,"(640, 540, 1)",171.595882523148,0,603,8bba507b4f652f1fa0a6977429382a20c105a547,1714,3.12771027555707,198,139.136522753792,137,96,0.481615910422913,288.513450219144,0.241444430944699,0.782828191058298,0.880007267810325,0.249037115052546,2.53794041172974
/home/ale/Desktop/Datos procesados/24/Segment 24 in/24in.nrrd,/home/ale/Desktop/Datos procesados/24/Segment 24 in/24LabelMapVolume_6in.nrrd,"{'normalize': False, 'normalizeScale': 1, 'interpolator': 'sitkBSpline', 'additionalInfo': True}",{'Original': {}},3D,"(640, 540, 1)",171.595882523148,0,603,5f5ba4a2529e2ffb48a16c121f67dc1ce0207bca,1716,2.94612644824143,172,123.072261072261,122,77,0.197497592861839,255.92368276634,0.245528723369961,0.747553991188939,0.877417898339321,0.257873161811229,2.45525505780855
/home/ale/Desktop/Datos procesados/24/Segment 24 in/24in.nrrd,/home/ale/Desktop/Datos procesados/24/Segment 24 in/24LabelMapVolume_7in.nrrd,"{'normalize': False, 'normalizeScale': 1, 'interpolator': 'sitkBSpline', 'additionalInfo': True}",{'Original': {}},3D,"(640, 540, 1)",171.595882523148,0,603,332ec9f959d59b560402d15502e70f0b580513e9,1716,2.93101823066227,172,133.918414918415,135,89,-0.252403694859286,180.050453431572,0.236345718105923,0.683119464125918,0.882009290309516,0.321689628040864,2.22239262275771
/home/ale/Desktop/Datos procesados/24/Segment 24 in/24in.nrrd,/home/ale/Desktop/Datos procesados/24/Segment 24 in/24LabelMapVolume_8in.nrrd,"{'normalize': False, 'normalizeScale': 1, 'interpolator': 'sitkBSpline', 'additionalInfo': True}",{'Original': {}},3D,"(640, 540, 1)",171.595882523148,0,603,db741f3681776934ef308beb860ae6fa4e680a1e,1716,2.799383711012,173,143.449300699301,144,114,-8.94899822399558E-06,97.2788981123771,0.166584260561367,0.638915711263651,0.916890019081794,0.440124526407701,1.64382420048169
/home/ale/Desktop/Datos procesados/24/Segment 24 in/24in.nrrd,/home/ale/Desktop/Datos procesados/24/Segment 24 in/24LabelMapVolume_all_in.nrrd,"{'normalize': False, 'normalizeScale': 1, 'interpolator': 'sitkBSpline', 'additionalInfo': True}",{'Original': {}},3D,"(640, 540, 1)",171.595882523148,0,603,0e005c1deca9cec7a0ce9b774abc4d78c76c0de6,68493,2.7337118776769,198,128.767728089002,129,67,-0.041823757689393,378.578566950899,0.216948387230862,0.844255446347613,0.891852537129881,0.219868036762158,2.68639780218357
